provider_id,label,steam_id64,app_id,context_id,asset_id,amount,name,market_hash_name,type,price_status,lowest_price,median_price,price_numeric,estimated_value
provider-001,04c4ifka,76561198991387615,570,2,26616368063,1,Wraps of the Bloody Ripper,Wraps of the Bloody Ripper,Uncommon Wraps,error,,,,
provider-002,6raymone23,76561198415072523,753,6,12115507139,1,Flakpanzer IV Ostwind - Winter,231430-Flakpanzer IV Ostwind - Winter,Company of Heroes 2 Trading Card,error,,,,
provider-002,6raymone23,76561198415072523,753,6,12115308800,1,SdKfz 251 Half-track - Winter,231430-SdKfz 251 Half-track - Winter,Company of Heroes 2 Trading Card,error,,,,
provider-002,6raymone23,76561198415072523,753,6,12115416501,1,SdKfz 251 Half-track - Winter,231430-SdKfz 251 Half-track - Winter,Company of Heroes 2 Trading Card,error,,,,
provider-002,6raymone23,76561198415072523,753,6,8076793709,1,The Eden Project,255710-The Eden Project,Cities: Skylines Trading Card,error,,,,
provider-002,6raymone23,76561198415072523,753,6,7429031486,1,The Hadron Collider,255710-The Hadron Collider,Cities: Skylines Trading Card,error,,,,
provider-002,6raymone23,76561198415072523,753,6,5703086430,1,The Space Elevator,255710-The Space Elevator,Cities: Skylines Trading Card,error,,,,
provider-002,6raymone23,76561198415072523,753,6,7274317933,1,Reefback,264710-Reefback,Subnautica Trading Card,error,,,,
provider-002,6raymone23,76561198415072523,753,6,9058408001,1,Catherine de Medici,289070-Catherine de Medici,Sid Meier's Civilization VI Trading Card,error,,,,
provider-002,6raymone23,76561198415072523,753,6,9065950757,1,Gorgo,289070-Gorgo,Sid Meier's Civilization VI Trading Card,error,,,,
provider-002,6raymone23,76561198415072523,753,6,9057985127,1,Hojo Tokimune,289070-Hojo Tokimune,Sid Meier's Civilization VI Trading Card,error,,,,
provider-002,6raymone23,76561198415072523,753,6,9052804420,1,Trajan,289070-Trajan,Sid Meier's Civilization VI Trading Card,error,,,,
provider-002,6raymone23,76561198415072523,753,6,7343260809,1,Boar Charge,364360-Boar Charge,Total War: WARHAMMER Trading Card,error,,,,
provider-002,6raymone23,76561198415072523,753,6,7342418354,1,The Black Coach,364360-The Black Coach,Total War: WARHAMMER Trading Card,error,,,,
provider-002,6raymone23,76561198415072523,753,6,7348070882,1,The Black Coach,364360-The Black Coach,Total War: WARHAMMER Trading Card,error,,,,
provider-002,6raymone23,76561198415072523,753,6,14857194134,1,Nuclear Fission,431960-Nuclear Fission,Wallpaper Engine Trading Card,error,,,,
provider-002,6raymone23,76561198415072523,753,6,14856689600,1,Sheep Anatomy,431960-Sheep Anatomy,Wallpaper Engine Trading Card,error,,,,
provider-002,6raymone23,76561198415072523,753,6,14856856367,1,Spiral Galaxy,431960-Spiral Galaxy,Wallpaper Engine Trading Card,error,,,,
provider-002,6raymone23,76561198415072523,753,6,5704793914,1,Charger,550-Charger,Left 4 Dead 2 Trading Card,error,,,,
provider-002,6raymone23,76561198415072523,753,6,5705435332,1,Charger,550-Charger,Left 4 Dead 2 Trading Card,error,,,,
provider-002,6raymone23,76561198415072523,753,6,5718948127,1,Hunter,550-Hunter,Left 4 Dead 2 Trading Card,error,,,,
provider-002,6raymone23,76561198415072523,753,6,5708788707,1,Jockey,550-Jockey,Left 4 Dead 2 Trading Card,error,,,,
provider-002,6raymone23,76561198415072523,753,6,7336393266,1,care,703700-care,Our End of the World Trading Card,error,,,,
provider-002,6raymone23,76561198415072523,753,6,7336476074,1,DOCTOR?,703700-DOCTOR?,Our End of the World Trading Card,error,,,,
provider-002,6raymone23,76561198415072523,753,6,7335468450,1,eve,703700-eve,Our End of the World Trading Card,error,,,,
provider-002,6raymone23,76561198415072523,753,6,7335596870,1,injured,703700-injured,Our End of the World Trading Card,error,,,,
provider-002,6raymone23,76561198415072523,753,6,7341655111,1,injured,703700-injured,Our End of the World Trading Card,error,,,,
provider-004,99892722,76561199344322363,753,6,34814685299,1,Andrew (Trading Card),1194630-Andrew (Trading Card)-12,The Dark Pictures Anthology: Little Hope Trading Card,error,,,,
provider-004,99892722,76561199344322363,753,6,34815060266,1,Angela (Trading Card),1194630-Angela (Trading Card),The Dark Pictures Anthology: Little Hope Trading Card,error,,,,
provider-004,99892722,76561199344322363,753,6,34815520589,1,Daniel (Trading Card),1194630-Daniel (Trading Card),The Dark Pictures Anthology: Little Hope Trading Card,error,,,,
provider-004,99892722,76561199344322363,753,6,34829946040,1,John (Trading Card),1194630-John (Trading Card),The Dark Pictures Anthology: Little Hope Trading Card,error,,,,
provider-004,99892722,76561199344322363,753,6,35367396559,1,City limits,270880-City limits,American Truck Simulator Trading Card,error,,,,
provider-004,99892722,76561199344322363,753,6,35367046133,1,Dinner,270880-Dinner,American Truck Simulator Trading Card,error,,,,
provider-004,99892722,76561199344322363,753,6,35371961941,1,Dinner,270880-Dinner,American Truck Simulator Trading Card,error,,,,
provider-004,99892722,76561199344322363,753,6,35367639632,1,Oil check,270880-Oil check,American Truck Simulator Trading Card,error,,,,
provider-004,99892722,76561199344322363,753,6,34094244700,1,Argent Power,782330-Argent Power,DOOM Eternal Trading Card,error,,,,
provider-004,99892722,76561199344322363,753,6,34099846761,1,Hellgate,782330-Hellgate,DOOM Eternal Trading Card,error,,,,
provider-004,99892722,76561199344322363,753,6,34078026039,1,Mars Core,782330-Mars Core,DOOM Eternal Trading Card,error,,,,
provider-004,99892722,76561199344322363,753,6,34087945778,1,Tower Babel,782330-Tower Babel,DOOM Eternal Trading Card,error,,,,
provider-005,abadremu,76561198218062104,753,6,11642975950,1,Falcone,102840-Falcone,Shank 2 Trading Card,error,,,,
provider-005,abadremu,76561198218062104,753,6,11588247470,1,Rex,102840-Rex,Shank 2 Trading Card,error,,,,
provider-005,abadremu,76561198218062104,753,6,11157943935,1,:cleandino:,1083560-:cleandino:,Spring Cleaning 2019 Emoticon,error,,,,
provider-005,abadremu,76561198218062104,753,6,11157943936,1,:cleanfloppy:,1083560-:cleanfloppy:,Spring Cleaning 2019 Emoticon,error,,,,
provider-005,abadremu,76561198218062104,753,6,11157943937,1,A Messy Garage,1083560-A Messy Garage,Spring Cleaning 2019 Profile Background,error,,,,
provider-005,abadremu,76561198218062104,753,6,11157943938,1,A Work-in-Progress Garage,1083560-A Work-in-Progress Garage,Spring Cleaning 2019 Profile Background,error,,,,
provider-005,abadremu,76561198218062104,753,6,13034791064,1,Crossroads (Trading Card),203160-Crossroads (Trading Card),Tomb Raider Trading Card,error,,,,
provider-005,abadremu,76561198218062104,753,6,13034929237,1,Crossroads (Trading Card),203160-Crossroads (Trading Card),Tomb Raider Trading Card,error,,,,
provider-005,abadremu,76561198218062104,753,6,13034660831,1,Parachute,203160-Parachute,Tomb Raider Trading Card,error,,,,
provider-005,abadremu,76561198218062104,753,6,13035060164,1,Parachute,203160-Parachute,Tomb Raider Trading Card,error,,,,
provider-005,abadremu,76561198218062104,753,6,11506056932,1,The Penguin Army,215510-The Penguin Army,Rocketbirds: Hardboiled Chicken Trading Card,error,,,,
provider-005,abadremu,76561198218062104,753,6,11510552061,1,The Penguin Army,215510-The Penguin Army,Rocketbirds: Hardboiled Chicken Trading Card,error,,,,
provider-005,abadremu,76561198218062104,753,6,11510702049,1,The Penguin Army,215510-The Penguin Army,Rocketbirds: Hardboiled Chicken Trading Card,error,,,,
provider-005,abadremu,76561198218062104,753,6,11665905237,1,Brutal Joe,233190-Brutal Joe,Final Exam Trading Card,error,,,,
provider-005,abadremu,76561198218062104,753,6,11665500822,1,The Tank,233190-The Tank,Final Exam Trading Card,error,,,,
provider-005,abadremu,76561198218062104,753,6,11665771812,1,The Tank,233190-The Tank,Final Exam Trading Card,error,,,,
provider-005,abadremu,76561198218062104,753,6,12689080696,1,Kitsune,252430-Kitsune,Dusty Revenge Trading Card,error,,,,
provider-005,abadremu,76561198218062104,753,6,12103141295,1,Rondel Mohegan,252430-Rondel Mohegan,Dusty Revenge Trading Card,error,,,,
provider-005,abadremu,76561198218062104,753,6,12688813718,1,Rondel Mohegan,252430-Rondel Mohegan,Dusty Revenge Trading Card,error,,,,
provider-005,abadremu,76561198218062104,753,6,11610397865,1,Old Mill,35700-Old Mill,Trine Trading Card,error,,,,
provider-005,abadremu,76561198218062104,753,6,18215496110,1,False Knight,367520-False Knight,Hollow Knight Trading Card,error,,,,
provider-005,abadremu,76561198218062104,753,6,18215560809,1,Mantis Lords,367520-Mantis Lords,Hollow Knight Trading Card,error,,,,
provider-005,abadremu,76561198218062104,753,6,18134788800,1,Soul Master,367520-Soul Master,Hollow Knight Trading Card,error,,,,
provider-005,abadremu,76561198218062104,753,6,18215386467,1,Zote,367520-Zote,Hollow Knight Trading Card,error,,,,
provider-005,abadremu,76561198218062104,753,6,18215656134,1,Zote,367520-Zote,Hollow Knight Trading Card,error,,,,
provider-005,abadremu,76561198218062104,753,6,11818349919,1,AXTON (Trading Card),49520-AXTON (Trading Card),Borderlands 2 Trading Card,error,,,,
provider-005,abadremu,76561198218062104,753,6,11818269429,1,GAIGE,49520-GAIGE,Borderlands 2 Trading Card,error,,,,
provider-005,abadremu,76561198218062104,753,6,11818429783,1,HANDSOME JACK,49520-HANDSOME JACK,Borderlands 2 Trading Card,error,,,,
provider-005,abadremu,76561198218062104,753,6,11221827134,1,Dominion (Trading Card),535480-Dominion (Trading Card),Sundered: Eldritch Edition Trading Card,error,,,,
provider-005,abadremu,76561198218062104,753,6,11225070711,1,Hysteria (Trading Card),535480-Hysteria (Trading Card),Sundered: Eldritch Edition Trading Card,error,,,,
provider-005,abadremu,76561198218062104,753,6,11221686280,1,The Expanse (Trading Card),535480-The Expanse (Trading Card),Sundered: Eldritch Edition Trading Card,error,,,,
provider-005,abadremu,76561198218062104,753,6,11266663832,1,Slime,606150-Slime,Moonlighter Trading Card,error,,,,
provider-005,abadremu,76561198218062104,753,6,11267024356,1,Slime,606150-Slime,Moonlighter Trading Card,error,,,,
provider-005,abadremu,76561198218062104,753,6,11298078772,1,Sword,606150-Sword,Moonlighter Trading Card,error,,,,
provider-005,abadremu,76561198218062104,753,6,11299704389,1,Boys of Silence (Trading Card),8870-Boys of Silence (Trading Card),BioShock Infinite Trading Card,error,,,,
provider-005,abadremu,76561198218062104,753,6,11308201920,1,Elizabeth,8870-Elizabeth,BioShock Infinite Trading Card,error,,,,
provider-005,abadremu,76561198218062104,753,6,11299619394,1,Motorized Patriot,8870-Motorized Patriot,BioShock Infinite Trading Card,error,,,,
provider-005,abadremu,76561198218062104,753,6,11300053950,1,Songbird,8870-Songbird,BioShock Infinite Trading Card,error,,,,
provider-010,b_a02,76561199123690769,753,6,16580585890,1,Efficiency & Durability,227300-Efficiency & Durability,Euro Truck Simulator 2 Trading Card,error,,,,
provider-010,b_a02,76561199123690769,753,6,16578890936,1,Emotion & Execution,227300-Emotion & Execution,Euro Truck Simulator 2 Trading Card,error,,,,
provider-010,b_a02,76561199123690769,753,6,16579114213,1,Innovation and Comfort,227300-Innovation and Comfort,Euro Truck Simulator 2 Trading Card,error,,,,
provider-010,b_a02,76561199123690769,753,6,16579028423,1,Prestige & Reliability,227300-Prestige & Reliability,Euro Truck Simulator 2 Trading Card,error,,,,
provider-011,bababagob555,76561198223684156,753,6,4345233763,1,Boomer,550-Boomer,Left 4 Dead 2 Trading Card,error,,,,
provider-011,bababagob555,76561198223684156,753,6,4345061897,1,Charger,550-Charger,Left 4 Dead 2 Trading Card,error,,,,
provider-011,bababagob555,76561198223684156,753,6,4352582653,1,Tank,550-Tank,Left 4 Dead 2 Trading Card,error,,,,
provider-011,bababagob555,76561198223684156,753,6,4345405541,1,Witch,550-Witch,Left 4 Dead 2 Trading Card,error,,,,
provider-012,byzx1,76561198853577477,753,6,16642484939,1,DNA Mutation,431960-DNA Mutation,Wallpaper Engine Trading Card,error,,,,
provider-012,byzx1,76561198853577477,753,6,16628166328,1,Gunslinger,431960-Gunslinger,Wallpaper Engine Trading Card,error,,,,
provider-012,byzx1,76561198853577477,753,6,16656956850,1,Nuclear Fission,431960-Nuclear Fission,Wallpaper Engine Trading Card,error,,,,
provider-017,dobkachedik1999,76561199125738077,753,6,17246129626,1,Gabriela (Trading Card),517630-Gabriela (Trading Card),Just Cause 4 Trading Card,error,,,,
provider-017,dobkachedik1999,76561199125738077,753,6,17260127780,1,Oasis Buggy,517630-Oasis Buggy,Just Cause 4 Trading Card,error,,,,
provider-017,dobkachedik1999,76561199125738077,753,6,17252332806,1,Tornado Chase,517630-Tornado Chase,Just Cause 4 Trading Card,error,,,,
provider-017,dobkachedik1999,76561199125738077,753,6,17260822348,1,Tornado Chase,517630-Tornado Chase,Just Cause 4 Trading Card,error,,,,
provider-018,Docghostlok,76561198129358065,753,6,611585137,1,Richard Trager,238320-Richard Trager,Outlast Trading Card,error,,,,
provider-018,Docghostlok,76561198129358065,753,6,611600499,1,Richard Trager,238320-Richard Trager,Outlast Trading Card,error,,,,
provider-018,Docghostlok,76561198129358065,753,6,612365664,1,Richard Trager,238320-Richard Trager,Outlast Trading Card,error,,,,
provider-037,jp30ekXr,76561199382755974,753,6,27355535450,1,Class & Quality,227300-Class & Quality,Euro Truck Simulator 2 Trading Card,error,,,,
provider-037,jp30ekXr,76561199382755974,753,6,27355333559,1,Efficiency & Durability,227300-Efficiency & Durability,Euro Truck Simulator 2 Trading Card,error,,,,
provider-037,jp30ekXr,76561199382755974,753,6,27355713520,1,Endurance & Performance,227300-Endurance & Performance,Euro Truck Simulator 2 Trading Card,error,,,,
provider-037,jp30ekXr,76561199382755974,753,6,27355132950,1,Power & Safety,227300-Power & Safety,Euro Truck Simulator 2 Trading Card,error,,,,
provider-037,jp30ekXr,76561199382755974,753,6,27513606852,1,Aiden (Trading Card),243470-Aiden (Trading Card),Watch_Dogs Trading Card,error,,,,
provider-037,jp30ekXr,76561199382755974,753,6,27524350702,1,Everything is Under Control,243470-Everything is Under Control,Watch_Dogs Trading Card,error,,,,
provider-037,jp30ekXr,76561199382755974,753,6,27513321567,1,Hacking is your weapon,243470-Hacking is your weapon,Watch_Dogs Trading Card,error,,,,
provider-043,MajinLuffy1420,76561199134204717,753,6,27649235132,1,Jax,307780-Jax,Mortal Kombat X Trading Card,error,,,,
provider-043,MajinLuffy1420,76561199134204717,753,6,27695985955,1,Kenshi,307780-Kenshi,Mortal Kombat X Trading Card,error,,,,
provider-043,MajinLuffy1420,76561199134204717,753,6,27700888553,1,Mileena,307780-Mileena,Mortal Kombat X Trading Card,error,,,,
provider-043,MajinLuffy1420,76561199134204717,753,6,24300486219,1,Bandit (Trading Card),359550-Bandit (Trading Card),Tom Clancy's Rainbow Six Siege Trading Card,error,,,,
provider-043,MajinLuffy1420,76561199134204717,753,6,24300691594,1,Bandit (Trading Card),359550-Bandit (Trading Card),Tom Clancy's Rainbow Six Siege Trading Card,error,,,,
provider-043,MajinLuffy1420,76561199134204717,753,6,24300077317,1,Jäger (Trading Card),359550-Jäger (Trading Card),Tom Clancy's Rainbow Six Siege Trading Card,error,,,,
provider-043,MajinLuffy1420,76561199134204717,753,6,24300263911,1,Jäger (Trading Card),359550-Jäger (Trading Card),Tom Clancy's Rainbow Six Siege Trading Card,error,,,,
provider-043,MajinLuffy1420,76561199134204717,753,6,24299700076,1,Mute (Trading Card),359550-Mute (Trading Card),Tom Clancy's Rainbow Six Siege Trading Card,error,,,,
provider-043,MajinLuffy1420,76561199134204717,753,6,24805454196,1,Mysterion,488790-Mysterion,South Park The Fractured But Whole Trading Card,error,,,,
provider-043,MajinLuffy1420,76561199134204717,753,6,24933194220,1,The Coon,488790-The Coon,South Park The Fractured But Whole Trading Card,error,,,,
provider-043,MajinLuffy1420,76561199134204717,753,6,20891715039,1,Backward,635260-Backward,CarX Drift Racing Online Trading Card,error,,,,
provider-043,MajinLuffy1420,76561199134204717,753,6,20884776023,1,Furikaeshi,635260-Furikaeshi,CarX Drift Racing Online Trading Card,error,,,,
provider-043,MajinLuffy1420,76561199134204717,753,6,20891406723,1,Furikaeshi,635260-Furikaeshi,CarX Drift Racing Online Trading Card,error,,,,
provider-043,MajinLuffy1420,76561199134204717,753,6,26635013710,1,The Moon,739630-The Moon,Phasmophobia Trading Card,error,,,,
provider-049,oiydz866,76561199162684185,753,6,20289997858,1,Father,1593500-Father,God of War Trading Card,error,,,,
provider-049,oiydz866,76561199162684185,753,6,20298718505,1,Rage,1593500-Rage,God of War Trading Card,error,,,,
provider-049,oiydz866,76561199162684185,753,6,20293399245,1,Witch of the Woods,1593500-Witch of the Woods,God of War Trading Card,error,,,,
provider-051,onlysteamwither,76561199190254155,570,2,30537350715,1,Heat of the Sixth Hell - Tail,Heat of the Sixth Hell - Tail,Common Wearable,error,,,,
provider-051,onlysteamwither,76561199190254155,570,2,30537362995,1,Heat of the Sixth Hell - Tail,Heat of the Sixth Hell - Tail,Common Wearable,error,,,,
provider-051,onlysteamwither,76561199190254155,570,2,30537493723,1,Heat of the Sixth Hell - Tail,Heat of the Sixth Hell - Tail,Common Wearable,error,,,,
provider-052,oring32,76561199045324591,753,6,17962874061,1,Medic,1238840-Medic,Battlefield™ 1 Trading Card,error,,,,
provider-052,oring32,76561199045324591,753,6,17971011012,1,Support,1238840-Support,Battlefield™ 1 Trading Card,error,,,,
provider-052,oring32,76561199045324591,753,6,17634176371,1,Batmobile (Trading Card),208650-Batmobile (Trading Card),Batman™: Arkham Knight Trading Card,error,,,,
provider-052,oring32,76561199045324591,753,6,20926509433,1,Batmobile (Trading Card),208650-Batmobile (Trading Card),Batman™: Arkham Knight Trading Card,error,,,,
provider-052,oring32,76561199045324591,753,6,17560955486,1,Harley Quinn,208650-Harley Quinn,Batman™: Arkham Knight Trading Card,error,,,,
provider-052,oring32,76561199045324591,753,6,17484103650,1,Bain,218620-Bain,PAYDAY 2 Trading Card,error,,,,
provider-052,oring32,76561199045324591,753,6,17473655494,1,Hoxton (Trading Card),218620-Hoxton (Trading Card),PAYDAY 2 Trading Card,error,,,,
provider-052,oring32,76561199045324591,753,6,17468278428,1,Torn Page of the Guide of Bain,218620-Torn Page of the Guide of Bain,PAYDAY 2 Trading Card,error,,,,
provider-052,oring32,76561199045324591,753,6,17441484362,1,Vlad,218620-Vlad,PAYDAY 2 Trading Card,error,,,,
provider-052,oring32,76561199045324591,753,6,16735921066,1,Gasopod,264710-Gasopod,Subnautica Trading Card,error,,,,
provider-052,oring32,76561199045324591,753,6,16509484043,1,Peeper,264710-Peeper,Subnautica Trading Card,error,,,,
provider-052,oring32,76561199045324591,753,6,15354765248,1,Sea Dragon Leviathan,264710-Sea Dragon Leviathan,Subnautica Trading Card,error,,,,
provider-052,oring32,76561199045324591,753,6,15363454280,1,Sea Dragon Leviathan,264710-Sea Dragon Leviathan,Subnautica Trading Card,error,,,,
provider-052,oring32,76561199045324591,753,6,15352939533,1,Sea Treader,264710-Sea Treader,Subnautica Trading Card,error,,,,
provider-052,oring32,76561199045324591,753,6,15361458492,1,Sea Treader,264710-Sea Treader,Subnautica Trading Card,error,,,,
provider-052,oring32,76561199045324591,753,6,15353509153,1,Stalker,264710-Stalker,Subnautica Trading Card,error,,,,
provider-052,oring32,76561199045324591,753,6,18928172959,1,Brûz’s Mob,356190-Brûz’s Mob,Middle-earth™: Shadow of War™ Trading Card,error,,,,
provider-052,oring32,76561199045324591,753,6,18189357657,1,Nuclear Fission,431960-Nuclear Fission,Wallpaper Engine Trading Card,error,,,,
provider-052,oring32,76561199045324591,753,6,18652402163,1,Spiral Galaxy,431960-Spiral Galaxy,Wallpaper Engine Trading Card,error,,,,
provider-052,oring32,76561199045324591,730,2,23897472137,1,AK-47 | Uncharted,AK-47 | Uncharted (Field-Tested),Mil-Spec Grade Rifle,error,,,,
provider-052,oring32,76561199045324591,730,2,23897221062,1,Desert Eagle | Light Rail,Desert Eagle | Light Rail (Field-Tested),Restricted Pistol,error,,,,
provider-052,oring32,76561199045324591,730,2,23897328605,1,FAMAS | Decommissioned,FAMAS | Decommissioned (Well-Worn),Mil-Spec Grade Rifle,error,,,,
provider-052,oring32,76561199045324591,730,2,23897480705,1,Five-SeveN | Flame Test,Five-SeveN | Flame Test (Field-Tested),Mil-Spec Grade Pistol,error,,,,
provider-052,oring32,76561199045324591,730,2,19897549220,1,G3SG1 | Jungle Dashed,G3SG1 | Jungle Dashed (Field-Tested),Consumer Grade Sniper Rifle,error,,,,
provider-052,oring32,76561199045324591,730,2,22507410813,1,G3SG1 | Polar Camo,G3SG1 | Polar Camo (Field-Tested),Consumer Grade Sniper Rifle,error,,,,
provider-052,oring32,76561199045324591,730,2,20938616694,1,Galil AR | Sage Spray,Galil AR | Sage Spray (Well-Worn),Consumer Grade Rifle,error,,,,
provider-052,oring32,76561199045324591,730,2,23897309271,1,Galil AR | Vandal,Galil AR | Vandal (Well-Worn),Mil-Spec Grade Rifle,error,,,,
provider-052,oring32,76561199045324591,730,2,23897450036,1,M4A1-S | Flashback,M4A1-S | Flashback (Field-Tested),Restricted Rifle,error,,,,
provider-052,oring32,76561199045324591,730,2,23897233558,1,MAC-10 | Oceanic,MAC-10 | Oceanic (Field-Tested),Mil-Spec Grade SMG,error,,,,
provider-052,oring32,76561199045324591,730,2,23897286654,1,MP7 | Cirrus,MP7 | Cirrus (Field-Tested),Mil-Spec Grade SMG,error,,,,
provider-052,oring32,76561199045324591,730,2,23897247556,1,MP9 | Modest Threat,MP9 | Modest Threat (Field-Tested),Mil-Spec Grade SMG,error,,,,
provider-052,oring32,76561199045324591,730,2,23897167049,1,P250 | Contaminant,P250 | Contaminant (Well-Worn),Mil-Spec Grade Pistol,error,,,,
provider-052,oring32,76561199045324591,730,2,23897287500,1,P90 | Grim,P90 | Grim (Field-Tested),Mil-Spec Grade SMG,error,,,,
provider-052,oring32,76561199045324591,730,2,20170166860,1,Sealed Graffiti | NaCl (Shark White),Sealed Graffiti | NaCl (Shark White),Base Grade Graffiti,error,,,,
provider-052,oring32,76561199045324591,730,2,23897508342,1,Souvenir AUG | Sweeper,Souvenir AUG | Sweeper (Field-Tested),Souvenir Consumer Grade Rifle,error,,,,
provider-052,oring32,76561199045324591,730,2,23909248427,1,SSG 08 | Acid Fade,SSG 08 | Acid Fade (Factory New),Mil-Spec Grade Sniper Rifle,error,,,,
provider-052,oring32,76561199045324591,730,2,23897527586,1,SSG 08 | Fever Dream,SSG 08 | Fever Dream (Field-Tested),Restricted Sniper Rifle,error,,,,
provider-052,oring32,76561199045324591,730,2,23897581470,1,StatTrak™ AWP | Worm God,StatTrak™ AWP | Worm God (Field-Tested),StatTrak™ Restricted Sniper Rifle,error,,,,
provider-052,oring32,76561199045324591,730,2,23897126440,1,StatTrak™ Glock-18 | Off World,StatTrak™ Glock-18 | Off World (Well-Worn),StatTrak™ Mil-Spec Grade Pistol,error,,,,
provider-052,oring32,76561199045324591,730,2,23897495064,1,StatTrak™ SG 553 | Danger Close,StatTrak™ SG 553 | Danger Close (Field-Tested),StatTrak™ Mil-Spec Grade Rifle,error,,,,
provider-052,oring32,76561199045324591,730,2,23897276260,1,StatTrak™ UMP-45 | Briefing,StatTrak™ UMP-45 | Briefing (Field-Tested),StatTrak™ Mil-Spec Grade SMG,error,,,,
provider-052,oring32,76561199045324591,730,2,23897187919,1,Tec-9 | Fubar,Tec-9 | Fubar (Battle-Scarred),Mil-Spec Grade Pistol,error,,,,
provider-052,oring32,76561199045324591,730,2,23909284098,1,USP-S | Cortex,USP-S | Cortex (Field-Tested),Classified Pistol,error,,,,
provider-052,oring32,76561199045324591,730,2,23903648369,1,USP-S | Torque,USP-S | Torque (Well-Worn),Mil-Spec Grade Pistol,error,,,,
provider-053,osa8228,76561198202492972,730,2,2270898343,1,Chroma 2 Case,Chroma 2 Case,Base Grade Container,error,,,,
provider-053,osa8228,76561198202492972,730,2,2262053607,1,G3SG1 | Safari Mesh,G3SG1 | Safari Mesh (Well-Worn),Consumer Grade Sniper Rifle,error,,,,
provider-053,osa8228,76561198202492972,570,2,32678101316,1,International 2025 Loading Screen #1,International 2025 Loading Screen #1,Rare Loading Screen,error,,,,
provider-053,osa8228,76561198202492972,570,2,32678101324,1,International 2025 Loading Screen #2,International 2025 Loading Screen #2,Rare Loading Screen,error,,,,
provider-053,osa8228,76561198202492972,570,2,32678101332,1,International 2025 Loading Screen #3,International 2025 Loading Screen #3,Rare Loading Screen,error,,,,
provider-053,osa8228,76561198202492972,570,2,32678101340,1,International 2025 Loading Screen #4,International 2025 Loading Screen #4,Rare Loading Screen,error,,,,
provider-053,osa8228,76561198202492972,570,2,32678101348,1,International 2025 Loading Screen #5,International 2025 Loading Screen #5,Rare Loading Screen,error,,,,
provider-053,osa8228,76561198202492972,570,2,32678101356,1,International 2025 Team Loading Screen - Aurora Gaming,International 2025 Team Loading Screen - Aurora Gaming,Rare Loading Screen,error,,,,
provider-053,osa8228,76561198202492972,570,2,32678101364,1,International 2025 Team Loading Screen - BB Team,International 2025 Team Loading Screen - BB Team,Rare Loading Screen,error,,,,
provider-053,osa8228,76561198202492972,570,2,32678101372,1,International 2025 Team Loading Screen - BOOM Esports,International 2025 Team Loading Screen - BOOM Esports,Rare Loading Screen,error,,,,
provider-053,osa8228,76561198202492972,570,2,32678101380,1,International 2025 Team Loading Screen - HEROIC,International 2025 Team Loading Screen - HEROIC,Rare Loading Screen,error,,,,
provider-053,osa8228,76561198202492972,570,2,32678101388,1,International 2025 Team Loading Screen - Natus Vincere,International 2025 Team Loading Screen - Natus Vincere,Rare Loading Screen,error,,,,
provider-053,osa8228,76561198202492972,570,2,32678101396,1,International 2025 Team Loading Screen - Nigma Galaxy,International 2025 Team Loading Screen - Nigma Galaxy,Rare Loading Screen,error,,,,
provider-053,osa8228,76561198202492972,570,2,32678101404,1,International 2025 Team Loading Screen - PVISION,International 2025 Team Loading Screen - PVISION,Rare Loading Screen,error,,,,
provider-053,osa8228,76561198202492972,570,2,32678101412,1,International 2025 Team Loading Screen - Team Falcons,International 2025 Team Loading Screen - Team Falcons,Rare Loading Screen,error,,,,
provider-053,osa8228,76561198202492972,570,2,32678101420,1,International 2025 Team Loading Screen - Team Liquid,International 2025 Team Loading Screen - Team Liquid,Rare Loading Screen,error,,,,
provider-053,osa8228,76561198202492972,570,2,32678101428,1,International 2025 Team Loading Screen - Team Nemesis,International 2025 Team Loading Screen - Team Nemesis,Rare Loading Screen,error,,,,
provider-053,osa8228,76561198202492972,570,2,32678101436,1,International 2025 Team Loading Screen - Team Spirit,International 2025 Team Loading Screen - Team Spirit,Rare Loading Screen,error,,,,
provider-053,osa8228,76561198202492972,570,2,32678101444,1,International 2025 Team Loading Screen - Team Tidebound,International 2025 Team Loading Screen - Team Tidebound,Rare Loading Screen,error,,,,
provider-053,osa8228,76561198202492972,570,2,32678101452,1,International 2025 Team Loading Screen - Tundra Esports,International 2025 Team Loading Screen - Tundra Esports,Rare Loading Screen,error,,,,
provider-053,osa8228,76561198202492972,570,2,32678101460,1,International 2025 Team Loading Screen - Wildcard,International 2025 Team Loading Screen - Wildcard,Rare Loading Screen,error,,,,
provider-053,osa8228,76561198202492972,570,2,32678101468,1,International 2025 Team Loading Screen - Xtreme Gaming,International 2025 Team Loading Screen - Xtreme Gaming,Rare Loading Screen,error,,,,
provider-053,osa8228,76561198202492972,570,2,32678097916,1,International 2025 Team Loading Screen - Yakutou Brothers,International 2025 Team Loading Screen - Yakutou Brothers,Rare Loading Screen,error,,,,
provider-053,osa8228,76561198202492972,730,2,2289292057,1,MP7 | Army Recon,MP7 | Army Recon (Field-Tested),Consumer Grade SMG,error,,,,
provider-053,osa8228,76561198202492972,730,2,2305663359,1,Operation Breakout Weapon Case,Operation Breakout Weapon Case,Base Grade Container,error,,,,
provider-056,queen_k5,76561198333861422,570,2,10021741586,1,Armlets of the Eldwurm Crest,Armlets of the Eldwurm Crest,Mythical Armlets,error,,,,
provider-056,queen_k5,76561198333861422,570,2,10080600567,1,Armor of the Haunted Lord,Armor of the Haunted Lord,Mythical armor,error,,,,
provider-056,queen_k5,76561198333861422,570,2,10111804111,1,Blade of Reckless Vigor,Blade of Reckless Vigor,Uncommon Blade,error,,,,
provider-056,queen_k5,76561198333861422,570,2,29977564486,1,Bladeform Legacy - Mask,Bladeform Legacy - Mask,Legendary Wearable,error,,,,
provider-056,queen_k5,76561198333861422,570,2,10080698476,1,Blistering Shade,Blistering Shade,Immortal Bracers,error,,,,
provider-056,queen_k5,76561198333861422,570,2,10021759179,1,Bound Shark Flippers,Bound Shark Flippers,Common Shoulder Pieces,error,,,,
provider-056,queen_k5,76561198333861422,570,2,10080593656,1,Bracers of the Haunted Lord,Bracers of the Haunted Lord,Mythical Bracers,error,,,,
provider-056,queen_k5,76561198333861422,570,2,10080608401,1,Cloak of the Haunted Lord,Cloak of the Haunted Lord,Mythical Cloak,error,,,,
provider-056,queen_k5,76561198333861422,570,2,10021742088,1,Cuirass of the Eldwurm Crest,Cuirass of the Eldwurm Crest,Mythical Cuirass,error,,,,
provider-056,queen_k5,76561198333861422,570,2,10429704183,1,Fall 2016 Battle Pass Loading Screen III,Fall 2016 Battle Pass Loading Screen III,Rare Loading Screen,error,,,,
provider-056,queen_k5,76561198333861422,570,2,10494498681,1,Hatchets of Big 'Un,Hatchets of Big 'Un,Uncommon weapon,error,,,,
provider-056,queen_k5,76561198333861422,570,2,10080612299,1,Haunted Claimant,Haunted Claimant,Mythical Sword,error,,,,
provider-056,queen_k5,76561198333861422,570,2,10021738485,1,Helm of the Eldwurm Crest,Helm of the Eldwurm Crest,Mythical helm,error,,,,
provider-056,queen_k5,76561198333861422,570,2,10080588939,1,Helm of the Haunted Lord,Helm of the Haunted Lord,Mythical helm,error,,,,
provider-056,queen_k5,76561198333861422,570,2,10085046104,1,Heroes Within Music Pack,Heroes Within Music Pack,Mythical Music Pack,error,,,,
provider-056,queen_k5,76561198333861422,570,2,10496273791,1,Inscribed Alchemists Infuser,Inscribed Alchemists Infuser,Common Blades,error,,,,
provider-056,queen_k5,76561198333861422,570,2,10433466393,1,Inscribed Blades of Voth Domosh,Inscribed Blades of Voth Domosh,Arcana Twin Demon Blades,error,,,,
provider-056,queen_k5,76561198333861422,570,2,10439232939,1,Inscribed Fallen Sword,Inscribed Fallen Sword,Rare Sword,error,,,,
provider-056,queen_k5,76561198333861422,570,2,10451014157,1,Inscribed Piston Impaler,Inscribed Piston Impaler,Immortal Spikes,error,,,,
provider-056,queen_k5,76561198333861422,570,2,10080597166,1,Pauldrons of the Haunted Lord,Pauldrons of the Haunted Lord,Mythical Pauldrons,error,,,,
provider-056,queen_k5,76561198333861422,570,2,10469740226,1,Phantom Concord,Phantom Concord,Immortal Spear,error,,,,
provider-056,queen_k5,76561198333861422,570,2,10021757240,1,Prison Buckler,Prison Buckler,Common shield,error,,,,
provider-056,queen_k5,76561198333861422,570,2,10021754852,1,Prison Shank,Prison Shank,Uncommon Wearable,error,,,,
provider-056,queen_k5,76561198333861422,570,2,10021756284,1,Shark Cowl,Shark Cowl,Rare Headpiece,error,,,,
provider-056,queen_k5,76561198333861422,570,2,10021758305,1,Shark Fin Cape,Shark Fin Cape,Uncommon Cape,error,,,,
provider-056,queen_k5,76561198333861422,570,2,10021740284,1,Shield of the Eldwurm Crest,Shield of the Eldwurm Crest,Mythical shield,error,,,,
provider-056,queen_k5,76561198333861422,570,2,10111783395,1,Spear of Reckless Vigor,Spear of Reckless Vigor,Uncommon Spear,error,,,,
provider-056,queen_k5,76561198333861422,570,2,10111769725,1,Spikes of Reckless Vigor,Spikes of Reckless Vigor,Common Spike,error,,,,
provider-056,queen_k5,76561198333861422,570,2,10111776325,1,Style of Reckless Vigor,Style of Reckless Vigor,Rare Style,error,,,,
provider-056,queen_k5,76561198333861422,570,2,10021739207,1,Sword of the Eldwurm Crest,Sword of the Eldwurm Crest,Mythical weapon,error,,,,
provider-056,queen_k5,76561198333861422,570,2,10021739773,1,Tassets of the Eldwurm Crest,Tassets of the Eldwurm Crest,Mythical Tassets,error,,,,
provider-061,siwangxibao5,76561199208580389,753,6,24700792251,1,BITER SWARM,588650-BITER SWARM,Dead Cells Trading Card,error,,,,
provider-061,siwangxibao5,76561199208580389,753,6,24706468310,1,FIRE BRANDS,588650-FIRE BRANDS,Dead Cells Trading Card,error,,,,
provider-061,siwangxibao5,76561199208580389,753,6,24701208800,1,FROST BLAST,588650-FROST BLAST,Dead Cells Trading Card,error,,,,
provider-061,siwangxibao5,76561199208580389,753,6,24690598835,1,THE ASSAULT SHIELD,588650-THE ASSAULT SHIELD,Dead Cells Trading Card,error,,,,
provider-061,siwangxibao5,76561199208580389,753,6,24688946372,1,THE FIRE BOMB,588650-THE FIRE BOMB,Dead Cells Trading Card,error,,,,
provider-061,siwangxibao5,76561199208580389,753,6,24695993288,1,THE FIRE BOMB,588650-THE FIRE BOMB,Dead Cells Trading Card,error,,,,
provider-061,siwangxibao5,76561199208580389,753,6,24696844992,1,THE SCAVENGER SWORD,588650-THE SCAVENGER SWORD,Dead Cells Trading Card,error,,,,
provider-061,siwangxibao5,76561199208580389,753,6,24699127552,1,THE SWIFT SWORD,588650-THE SWIFT SWORD,Dead Cells Trading Card,error,,,,
provider-068,ujywc089,76561199181822087,753,6,20452817847,1,The Exiled One,1142710-The Exiled One,Total War: WARHAMMER III Trading Card,error,,,,
provider-068,ujywc089,76561199181822087,753,6,20064896337,1,The Ice Queen,1142710-The Ice Queen,Total War: WARHAMMER III Trading Card,error,,,,
provider-068,ujywc089,76561199181822087,753,6,20143110310,1,The Ice Queen,1142710-The Ice Queen,Total War: WARHAMMER III Trading Card,error,,,,
provider-071,uzytkownik9669,76561199177241702,753,6,19072510683,1,Anarchist,730-Anarchist,Counter-Strike 2 Trading Card,error,,,,
provider-071,uzytkownik9669,76561199177241702,753,6,19528683235,1,Anarchist,730-Anarchist,Counter-Strike 2 Trading Card,error,,,,
provider-071,uzytkownik9669,76561199177241702,753,6,19077927110,1,FBI,730-FBI,Counter-Strike 2 Trading Card,error,,,,
provider-071,uzytkownik9669,76561199177241702,730,2,50641786308,1,AK-47 | Rat Rod,AK-47 | Rat Rod (Field-Tested),Restricted Rifle,error,,,,
provider-071,uzytkownik9669,76561199177241702,730,2,24640666579,1,AWP | Atheris,AWP | Atheris (Field-Tested),Restricted Sniper Rifle,error,,,,
provider-071,uzytkownik9669,76561199177241702,730,2,25722155268,1,Clutch Case,Clutch Case,Base Grade Container,error,,,,
provider-071,uzytkownik9669,76561199177241702,730,2,24641256228,1,FAMAS | Decommissioned,FAMAS | Decommissioned (Field-Tested),Mil-Spec Grade Rifle,error,,,,
provider-071,uzytkownik9669,76561199177241702,730,2,25049512023,1,Five-SeveN | Violent Daimyo,Five-SeveN | Violent Daimyo (Battle-Scarred),Mil-Spec Grade Pistol,error,,,,
provider-071,uzytkownik9669,76561199177241702,730,2,24640667723,1,Glock-18 | Weasel,Glock-18 | Weasel (Field-Tested),Restricted Pistol,error,,,,
provider-071,uzytkownik9669,76561199177241702,730,2,24650726147,1,M4A4 | Spider Lily,M4A4 | Spider Lily (Field-Tested),Restricted Rifle,error,,,,
provider-071,uzytkownik9669,76561199177241702,730,2,24827944495,1,MAC-10 | Rangeen,MAC-10 | Rangeen (Field-Tested),Mil-Spec Grade SMG,error,,,,
provider-071,uzytkownik9669,76561199177241702,730,2,24866946705,1,MP9 | Sand Dashed,MP9 | Sand Dashed (Battle-Scarred),Consumer Grade SMG,error,,,,
provider-071,uzytkownik9669,76561199177241702,730,2,25345487885,1,Nova | Polar Mesh,Nova | Polar Mesh (Field-Tested),Consumer Grade Shotgun,error,,,,
provider-071,uzytkownik9669,76561199177241702,730,2,24362982531,1,P90 | Freight,P90 | Freight (Field-Tested),Mil-Spec Grade SMG,error,,,,
provider-071,uzytkownik9669,76561199177241702,730,2,25803361098,1,PP-Bizon | Sand Dashed,PP-Bizon | Sand Dashed (Field-Tested),Consumer Grade SMG,error,,,,
provider-071,uzytkownik9669,76561199177241702,730,2,25178132468,1,PP-Bizon | Urban Dashed,PP-Bizon | Urban Dashed (Field-Tested),Consumer Grade SMG,error,,,,
provider-071,uzytkownik9669,76561199177241702,730,2,24909401552,1,Prisma 2 Case,Prisma 2 Case,Base Grade Container,error,,,,
provider-071,uzytkownik9669,76561199177241702,730,2,24636384052,1,SG 553 | Ol' Rusty,SG 553 | Ol' Rusty (Battle-Scarred),Mil-Spec Grade Rifle,error,,,,
provider-071,uzytkownik9669,76561199177241702,730,2,25251065276,1,Soldier | Phoenix,Soldier | Phoenix,Distinguished Agent,error,,,,
provider-071,uzytkownik9669,76561199177241702,730,2,24640671756,1,Souvenir MP5-SD | Lab Rats,Souvenir MP5-SD | Lab Rats (Minimal Wear),Souvenir Restricted SMG,error,,,,
provider-071,uzytkownik9669,76561199177241702,730,2,24640670133,1,SSG 08 | Fever Dream,SSG 08 | Fever Dream (Field-Tested),Restricted Sniper Rifle,error,,,,
provider-071,uzytkownik9669,76561199177241702,730,2,24635850757,1,StatTrak™ MAG-7 | Popdog,StatTrak™ MAG-7 | Popdog (Field-Tested),StatTrak™ Mil-Spec Grade Shotgun,error,,,,
provider-071,uzytkownik9669,76561199177241702,730,2,25104939292,1,StatTrak™ XM1014 | Watchdog,StatTrak™ XM1014 | Watchdog (Minimal Wear),StatTrak™ Mil-Spec Grade Shotgun,error,,,,
provider-071,uzytkownik9669,76561199177241702,730,2,24640672562,1,Tec-9 | Bamboozle,Tec-9 | Bamboozle (Field-Tested),Restricted Pistol,error,,,,
provider-071,uzytkownik9669,76561199177241702,730,2,24936317889,1,UMP-45 | Urban DDPAT,UMP-45 | Urban DDPAT (Field-Tested),Consumer Grade SMG,error,,,,
provider-073,vimeworl,76561199048539464,730,2,18837016194,1,AUG | Condemned,AUG | Condemned (Battle-Scarred),Industrial Grade Rifle,error,,,,
provider-073,vimeworl,76561199048539464,730,2,18681779331,1,Chroma 3 Case,Chroma 3 Case,Base Grade Container,error,,,,
provider-073,vimeworl,76561199048539464,730,2,18822014986,1,Chroma 3 Case,Chroma 3 Case,Base Grade Container,error,,,,
provider-073,vimeworl,76561199048539464,730,2,18916282661,1,Chroma 3 Case,Chroma 3 Case,Base Grade Container,error,,,,
provider-073,vimeworl,76561199048539464,730,2,19314495739,1,FAMAS | Colony,FAMAS | Colony (Field-Tested),Consumer Grade Rifle,error,,,,
provider-073,vimeworl,76561199048539464,730,2,18411573241,1,Horizon Case,Horizon Case,Base Grade Container,error,,,,
provider-073,vimeworl,76561199048539464,730,2,18869510038,1,Horizon Case,Horizon Case,Base Grade Container,error,,,,
provider-073,vimeworl,76561199048539464,730,2,18978112581,1,PP-Bizon | Sand Dashed,PP-Bizon | Sand Dashed (Minimal Wear),Consumer Grade SMG,error,,,,
provider-073,vimeworl,76561199048539464,730,2,19314191244,1,Revolver Case,Revolver Case,Base Grade Container,error,,,,
provider-073,vimeworl,76561199048539464,730,2,19321362887,1,Revolver Case,Revolver Case,Base Grade Container,error,,,,
provider-073,vimeworl,76561199048539464,730,2,18622243407,1,Sawed-Off | Forest DDPAT,Sawed-Off | Forest DDPAT (Battle-Scarred),Consumer Grade Shotgun,error,,,,
provider-073,vimeworl,76561199048539464,730,2,18440857940,1,SCAR-20 | Contractor,SCAR-20 | Contractor (Field-Tested),Consumer Grade Sniper Rifle,error,,,,
provider-073,vimeworl,76561199048539464,730,2,18407232861,1,SG 553 | Waves Perforated,SG 553 | Waves Perforated (Minimal Wear),Consumer Grade Rifle,error,,,,
provider-073,vimeworl,76561199048539464,730,2,18624244739,1,Spectrum 2 Case,Spectrum 2 Case,Base Grade Container,error,,,,
provider-073,vimeworl,76561199048539464,730,2,18776863208,1,Spectrum 2 Case,Spectrum 2 Case,Base Grade Container,error,,,,
provider-073,vimeworl,76561199048539464,730,2,18981512072,1,Spectrum 2 Case,Spectrum 2 Case,Base Grade Container,error,,,,
provider-073,vimeworl,76561199048539464,730,2,19072952774,1,UMP-45 | Urban DDPAT,UMP-45 | Urban DDPAT (Battle-Scarred),Consumer Grade SMG,error,,,,
provider-075,wbtq1085442,76561199340563026,753,6,36703572869,1,Pink Warships,4177550-Pink Warships,Wargaming 2025 Advertising App Profile Background,error,,,,
provider-075,wbtq1085442,76561199340563026,753,6,26126000289,1,Day Off on Polus,945360-Day Off on Polus,Among Us Trading Card,error,,,,
provider-075,wbtq1085442,76561199340563026,753,6,26294580647,1,End of the Line,945360-End of the Line,Among Us Trading Card,error,,,,
provider-075,wbtq1085442,76561199340563026,753,6,26316819580,1,End of the Line,945360-End of the Line,Among Us Trading Card,error,,,,
provider-075,wbtq1085442,76561199340563026,753,6,26270120862,1,The Greatest Chase,945360-The Greatest Chase,Among Us Trading Card,error,,,,
provider-077,wbtq1085903,76561199354003284,753,6,22087010134,1,Beyond,275850-Beyond,No Man's Sky Trading Card,error,,,,
provider-077,wbtq1085903,76561199354003284,753,6,22134572671,1,Beyond,275850-Beyond,No Man's Sky Trading Card,error,,,,
provider-077,wbtq1085903,76561199354003284,753,6,22104872960,1,Desolation,275850-Desolation,No Man's Sky Trading Card,error,,,,
provider-077,wbtq1085903,76561199354003284,753,6,22129840938,1,Exo Mech,275850-Exo Mech,No Man's Sky Trading Card,error,,,,
provider-077,wbtq1085903,76561199354003284,753,6,22134009290,1,Exo Mech,275850-Exo Mech,No Man's Sky Trading Card,error,,,,
provider-077,wbtq1085903,76561199354003284,753,6,21880097301,1,Next,275850-Next,No Man's Sky Trading Card,error,,,,
provider-077,wbtq1085903,76561199354003284,753,6,22118993390,1,Next Generation,275850-Next Generation,No Man's Sky Trading Card,error,,,,
provider-077,wbtq1085903,76561199354003284,753,6,22100225804,1,Synthesis,275850-Synthesis,No Man's Sky Trading Card,error,,,,
provider-081,xic528,76561198851555290,753,6,29313850344,1,Downhill,1307090-Downhill,Barro Racing Trading Card,error,,,,
provider-081,xic528,76561198851555290,753,6,29314030575,1,Going down,1307090-Going down,Barro Racing Trading Card,error,,,,
provider-081,xic528,76561198851555290,753,6,29314212120,1,Happy face,1307090-Happy face,Barro Racing Trading Card,error,,,,
provider-081,xic528,76561198851555290,753,6,27929617801,1,Guo Jia / 郭嘉,1341200-Guo Jia - 郭嘉,DYNASTY WARRIORS 9 Empires Trading Card,error,,,,
provider-081,xic528,76561198851555290,753,6,27625549643,1,Lu Bu / 呂布,1341200-Lu Bu - 呂布,DYNASTY WARRIORS 9 Empires Trading Card,error,,,,
provider-081,xic528,76561198851555290,753,6,27666324483,1,Lu Lingqi / 呂玲綺,1341200-Lu Lingqi - 呂玲綺,DYNASTY WARRIORS 9 Empires Trading Card,error,,,,
provider-081,xic528,76561198851555290,753,6,27944330336,1,Xiahou Dun / 夏侯惇,1341200-Xiahou Dun - 夏侯惇,DYNASTY WARRIORS 9 Empires Trading Card,error,,,,
provider-081,xic528,76561198851555290,753,6,27704321238,1,Zhong Hui / 鍾会,1341200-Zhong Hui - 鍾会,DYNASTY WARRIORS 9 Empires Trading Card,error,,,,
provider-081,xic528,76561198851555290,753,6,27928744673,1,Zhong Hui / 鍾会,1341200-Zhong Hui - 鍾会,DYNASTY WARRIORS 9 Empires Trading Card,error,,,,
provider-081,xic528,76561198851555290,753,6,27904807837,1,Zhou Yu / 周瑜,1341200-Zhou Yu - 周瑜,DYNASTY WARRIORS 9 Empires Trading Card,error,,,,
provider-081,xic528,76561198851555290,753,6,27596692941,1,Zhuge Liang / 諸葛亮,1341200-Zhuge Liang - 諸葛亮,DYNASTY WARRIORS 9 Empires Trading Card,error,,,,
provider-081,xic528,76561198851555290,753,6,27619664707,1,destroy,1367300-destroy,Blade Assault Trading Card,error,,,,
provider-081,xic528,76561198851555290,753,6,27588581076,1,Kil,1367300-Kil,Blade Assault Trading Card,error,,,,
provider-081,xic528,76561198851555290,753,6,27617628331,1,Kil SP,1367300-Kil SP,Blade Assault Trading Card,error,,,,
provider-081,xic528,76561198851555290,753,6,29483566874,1,Donnie,351940-Donnie,The Descendant Trading Card,error,,,,
provider-081,xic528,76561198851555290,753,6,29491364568,1,Mia,351940-Mia,The Descendant Trading Card,error,,,,
provider-081,xic528,76561198851555290,753,6,29491474576,1,Randolph,351940-Randolph,The Descendant Trading Card,error,,,,
provider-082,yangxuan01051,76561199017225288,753,6,19848988799,1,Ao Bai (Trading Card),1217060-Ao Bai (Trading Card),Gunfire Reborn Trading Card,error,,,,
provider-082,yangxuan01051,76561199017225288,753,6,19850539318,1,Crown Prince (Trading Card),1217060-Crown Prince (Trading Card),Gunfire Reborn Trading Card,error,,,,
provider-082,yangxuan01051,76561199017225288,753,6,19847192442,1,Tao (Trading Card),1217060-Tao (Trading Card),Gunfire Reborn Trading Card,error,,,,
provider-082,yangxuan01051,76561199017225288,753,6,16037984748,1,Arcanist (Trading Card),219990-Arcanist (Trading Card),Grim Dawn Trading Card,error,,,,
provider-082,yangxuan01051,76561199017225288,753,6,16053467957,1,Arcanist (Trading Card),219990-Arcanist (Trading Card),Grim Dawn Trading Card,error,,,,
provider-082,yangxuan01051,76561199017225288,753,6,16046906613,1,Nightblade (Trading Card),219990-Nightblade (Trading Card),Grim Dawn Trading Card,error,,,,
provider-082,yangxuan01051,76561199017225288,753,6,14572283644,1,Catapault,477160-Catapault,Human Fall Flat Trading Card,error,,,,
provider-082,yangxuan01051,76561199017225288,753,6,14597803457,1,Speaker,477160-Speaker,Human Fall Flat Trading Card,error,,,,
provider-082,yangxuan01051,76561199017225288,753,6,14571989413,1,Tree,477160-Tree,Human Fall Flat Trading Card,error,,,,
provider-082,yangxuan01051,76561199017225288,753,6,20972989348,1,Clucker (Trading Card),648800-Clucker (Trading Card),Raft Trading Card,error,,,,
provider-082,yangxuan01051,76561199017225288,753,6,20962245588,1,Goat,648800-Goat,Raft Trading Card,error,,,,
provider-082,yangxuan01051,76561199017225288,753,6,20969462875,1,Goat,648800-Goat,Raft Trading Card,error,,,,
provider-082,yangxuan01051,76561199017225288,753,6,12858971528,1,Samael,710920-Samael,Darksiders Genesis Trading Card,error,,,,
provider-082,yangxuan01051,76561199017225288,753,6,12863012706,1,Strife,710920-Strife,Darksiders Genesis Trading Card,error,,,,
provider-082,yangxuan01051,76561199017225288,753,6,12863549317,1,Strife,710920-Strife,Darksiders Genesis Trading Card,error,,,,
provider-082,yangxuan01051,76561199017225288,753,6,12863329537,1,Vulgrim,710920-Vulgrim,Darksiders Genesis Trading Card,error,,,,
provider-083,yaqzdprte,76561199855990702,753,6,35626438788,1,Demolisher,239140-Demolisher,Dying Light Trading Card,error,,,,
provider-083,yaqzdprte,76561199855990702,753,6,35617312244,1,Harris Brecken,239140-Harris Brecken,Dying Light Trading Card,error,,,,
provider-083,yaqzdprte,76561199855990702,753,6,35627113399,1,Kyle Crane,239140-Kyle Crane,Dying Light Trading Card,error,,,,
provider-083,yaqzdprte,76561199855990702,753,6,35626754690,1,Toad,239140-Toad,Dying Light Trading Card,error,,,,
provider-083,yaqzdprte,76561199855990702,753,6,35606127806,1,Melon Racer,4000-Melon Racer,Garry's Mod Trading Card,error,,,,
provider-083,yaqzdprte,76561199855990702,753,6,35607762933,1,Melon Racer,4000-Melon Racer,Garry's Mod Trading Card,error,,,,
provider-083,yaqzdprte,76561199855990702,753,6,35634744133,1,Missing Textures,4000-Missing Textures,Garry's Mod Trading Card,error,,,,
provider-083,yaqzdprte,76561199855990702,753,6,35634400092,1,Spammer,4000-Spammer,Garry's Mod Trading Card,error,,,,
provider-083,yaqzdprte,76561199855990702,753,6,35638058950,1,Spammer,4000-Spammer,Garry's Mod Trading Card,error,,,,
provider-087,zakirvla,76561198096167471,730,2,203509744,1,AUG | Condemned,AUG | Condemned (Field-Tested),Industrial Grade Rifle,error,,,,
provider-087,zakirvla,76561198096167471,730,2,1054428463,1,CZ75-Auto | Hexane,CZ75-Auto | Hexane (Factory New),Mil-Spec Grade Pistol,error,,,,
provider-087,zakirvla,76561198096167471,730,2,1035817922,1,Dual Berettas | Colony,Dual Berettas | Colony (Field-Tested),Consumer Grade Pistol,error,,,,
provider-087,zakirvla,76561198096167471,730,2,1163868068,1,eSports 2014 Summer Case,eSports 2014 Summer Case,Base Grade Container,error,,,,
provider-087,zakirvla,76561198096167471,730,2,2038964442,1,FAMAS | Colony,FAMAS | Colony (Field-Tested),Consumer Grade Rifle,error,,,,
provider-087,zakirvla,76561198096167471,730,2,1421148994,1,FAMAS | Cyanospatter,FAMAS | Cyanospatter (Well-Worn),Industrial Grade Rifle,error,,,,
provider-087,zakirvla,76561198096167471,730,2,16923408515,1,Horizon Case,Horizon Case,Base Grade Container,error,,,,
provider-087,zakirvla,76561198096167471,730,2,16973939224,1,Horizon Case,Horizon Case,Base Grade Container,error,,,,
provider-087,zakirvla,76561198096167471,730,2,1343386928,1,Huntsman Weapon Case,Huntsman Weapon Case,Base Grade Container,error,,,,
provider-087,zakirvla,76561198096167471,730,2,1755996778,1,Huntsman Weapon Case,Huntsman Weapon Case,Base Grade Container,error,,,,
provider-087,zakirvla,76561198096167471,730,2,1748288764,1,MAG-7 | Metallic DDPAT,MAG-7 | Metallic DDPAT (Factory New),Industrial Grade Shotgun,error,,,,
provider-087,zakirvla,76561198096167471,730,2,16923294922,1,MAG-7 | Metallic DDPAT,MAG-7 | Metallic DDPAT (Factory New),Industrial Grade Shotgun,error,,,,
provider-087,zakirvla,76561198096167471,730,2,1718748098,1,Nova | Polar Mesh,Nova | Polar Mesh (Field-Tested),Consumer Grade Shotgun,error,,,,
provider-087,zakirvla,76561198096167471,730,2,1482082224,1,Operation Breakout Weapon Case,Operation Breakout Weapon Case,Base Grade Container,error,,,,
provider-087,zakirvla,76561198096167471,730,2,1644979689,1,Operation Phoenix Weapon Case,Operation Phoenix Weapon Case,Base Grade Container,error,,,,
provider-087,zakirvla,76561198096167471,730,2,1173312128,1,P250 | Sand Dune,P250 | Sand Dune (Field-Tested),Consumer Grade Pistol,error,,,,
provider-087,zakirvla,76561198096167471,730,2,2039042953,1,P250 | Sand Dune,P250 | Sand Dune (Minimal Wear),Consumer Grade Pistol,error,,,,
provider-087,zakirvla,76561198096167471,730,2,1054388082,1,P90 | Sand Spray,P90 | Sand Spray (Field-Tested),Consumer Grade SMG,error,,,,
provider-087,zakirvla,76561198096167471,730,2,15103144038,1,Spectrum 2 Case,Spectrum 2 Case,Base Grade Container,error,,,,
provider-087,zakirvla,76561198096167471,730,2,984100486,1,Sticker Capsule,Sticker Capsule,Base Grade Container,error,,,,
provider-087,zakirvla,76561198096167471,730,2,984100498,1,Sticker Capsule,Sticker Capsule,Base Grade Container,error,,,,
provider-087,zakirvla,76561198096167471,730,2,984103885,1,Sticker Capsule,Sticker Capsule,Base Grade Container,error,,,,
provider-087,zakirvla,76561198096167471,730,2,984106294,1,Sticker Capsule,Sticker Capsule,Base Grade Container,error,,,,
provider-087,zakirvla,76561198096167471,730,2,984117818,1,Sticker Capsule,Sticker Capsule,Base Grade Container,error,,,,
provider-087,zakirvla,76561198096167471,730,2,984119913,1,Sticker Capsule,Sticker Capsule,Base Grade Container,error,,,,
provider-087,zakirvla,76561198096167471,730,2,984159101,1,Sticker Capsule,Sticker Capsule,Base Grade Container,error,,,,
provider-087,zakirvla,76561198096167471,730,2,984163630,1,Sticker Capsule,Sticker Capsule,Base Grade Container,error,,,,
provider-087,zakirvla,76561198096167471,730,2,984163804,1,Sticker Capsule,Sticker Capsule,Base Grade Container,error,,,,
provider-087,zakirvla,76561198096167471,730,2,984166054,1,Sticker Capsule,Sticker Capsule,Base Grade Container,error,,,,
provider-087,zakirvla,76561198096167471,730,2,984092845,1,Sticker Capsule 2,Sticker Capsule 2,Base Grade Container,error,,,,
provider-087,zakirvla,76561198096167471,730,2,16976904497,1,Tec-9 | Groundwater,Tec-9 | Groundwater (Field-Tested),Consumer Grade Pistol,error,,,,
provider-090,ZVKPC50864,76561199266912718,753,6,21954826612,1,Chaos Theory 2 The Lost World,1244460-Chaos Theory 2 The Lost World,Jurassic World Evolution 2 Trading Card,error,,,,
provider-090,ZVKPC50864,76561199266912718,753,6,21963757797,1,Chaos Theory 3 Jurassic Park 3,1244460-Chaos Theory 3 Jurassic Park 3,Jurassic World Evolution 2 Trading Card,error,,,,
provider-090,ZVKPC50864,76561199266912718,753,6,21954228490,1,Chaos Theory 4 Jurassic World,1244460-Chaos Theory 4 Jurassic World,Jurassic World Evolution 2 Trading Card,error,,,,
provider-091,joebeem89,76561198823655143,753,6,35304127783,1,Bain,218620-Bain,PAYDAY 2 Trading Card,error,,,,
provider-091,joebeem89,76561198823655143,753,6,16511611172,1,Diego Martinez,265550-Diego Martinez,Dead Rising 3 Trading Card,error,,,,
provider-091,joebeem89,76561198823655143,753,6,24903399985,1,Gary Finkel,265550-Gary Finkel,Dead Rising 3 Trading Card,error,,,,
provider-091,joebeem89,76561198823655143,753,6,16283323219,1,"Harry ""Zhi"" Wong","265550-Harry ""Zhi"" Wong",Dead Rising 3 Trading Card,error,,,,
provider-091,joebeem89,76561198823655143,753,6,24903102220,1,Hunter Thibodeaux,265550-Hunter Thibodeaux,Dead Rising 3 Trading Card,error,,,,
provider-091,joebeem89,76561198823655143,753,6,24902785380,1,Nick Ramos,265550-Nick Ramos,Dead Rising 3 Trading Card,error,,,,
provider-091,joebeem89,76561198823655143,753,6,13813227920,1,Missing Textures,4000-Missing Textures,Garry's Mod Trading Card,error,,,,
provider-091,joebeem89,76561198823655143,753,6,13813594166,1,Missing Textures,4000-Missing Textures,Garry's Mod Trading Card,error,,,,
provider-091,joebeem89,76561198823655143,753,6,13813326942,1,Movie Maker,4000-Movie Maker,Garry's Mod Trading Card,error,,,,
provider-091,joebeem89,76561198823655143,753,6,13813404326,1,Spammer,4000-Spammer,Garry's Mod Trading Card,error,,,,
provider-091,joebeem89,76561198823655143,753,6,13813482732,1,Spammer,4000-Spammer,Garry's Mod Trading Card,error,,,,
provider-093,alz0n_store_cyberpunk,76561199641464085,753,6,38219078235,1,6th Street,1091500-6th Street,Cyberpunk 2077 Trading Card,error,,,,
provider-093,alz0n_store_cyberpunk,76561199641464085,753,6,38203813893,1,Voodoo Boys,1091500-Voodoo Boys,Cyberpunk 2077 Trading Card,error,,,,
provider-097,swat1200,76561198104966764,753,6,2747397983,1,M2A1 Slammer,107410-M2A1 Slammer,Arma 3 Trading Card,error,,,,
provider-097,swat1200,76561198104966764,753,6,2747567425,1,M2A1 Slammer,107410-M2A1 Slammer,Arma 3 Trading Card,error,,,,
provider-097,swat1200,76561198104966764,753,6,2747483905,1,MRAP Hunter,107410-MRAP Hunter,Arma 3 Trading Card,error,,,,
provider-097,swat1200,76561198104966764,753,6,2747307034,1,Speedboat,107410-Speedboat,Arma 3 Trading Card,error,,,,
provider-097,swat1200,76561198104966764,753,6,14268674262,1,Captain Briggsy,1172620-Captain Briggsy,Sea of Thieves Trading Card,error,,,,
provider-097,swat1200,76561198104966764,753,6,14242929354,1,Chief Trader Mollie,1172620-Chief Trader Mollie,Sea of Thieves Trading Card,error,,,,
provider-097,swat1200,76561198104966764,753,6,14246134934,1,Chief Trader Mollie,1172620-Chief Trader Mollie,Sea of Thieves Trading Card,error,,,,
provider-097,swat1200,76561198104966764,753,6,14293096116,1,Gold Hoarder,1172620-Gold Hoarder,Sea of Thieves Trading Card,error,,,,
provider-097,swat1200,76561198104966764,753,6,14294125445,1,Humphrey the Hoarder,1172620-Humphrey the Hoarder,Sea of Thieves Trading Card,error,,,,
provider-097,swat1200,76561198104966764,753,6,14266600275,1,Lesedi Singh,1172620-Lesedi Singh,Sea of Thieves Trading Card,error,,,,
provider-097,swat1200,76561198104966764,753,6,14291882171,1,Mysterious Stranger,1172620-Mysterious Stranger,Sea of Thieves Trading Card,error,,,,
provider-097,swat1200,76561198104966764,753,6,14244576990,1,The Ferryman,1172620-The Ferryman,Sea of Thieves Trading Card,error,,,,
provider-097,swat1200,76561198104966764,753,6,20165382214,1,"Temulch, the Grey Wolf","1203220-Temulch, the Grey Wolf",NARAKA: BLADEPOINT Trading Card,error,,,,
provider-097,swat1200,76561198104966764,753,6,20165662294,1,"Temulch, the Grey Wolf","1203220-Temulch, the Grey Wolf",NARAKA: BLADEPOINT Trading Card,error,,,,
provider-097,swat1200,76561198104966764,753,6,20165935883,1,"Viper Ning, the Crimson Night","1203220-Viper Ning, the Crimson Night",NARAKA: BLADEPOINT Trading Card,error,,,,
provider-097,swat1200,76561198104966764,753,6,24246943629,1,Ion,1237970-Ion,Titanfall® 2 Trading Card,error,,,,
provider-097,swat1200,76561198104966764,753,6,24248452825,1,Ion,1237970-Ion,Titanfall® 2 Trading Card,error,,,,
provider-097,swat1200,76561198104966764,753,6,24247863468,1,Northstar,1237970-Northstar,Titanfall® 2 Trading Card,error,,,,
provider-097,swat1200,76561198104966764,753,6,221491506,1,Bloat,1250-Bloat,Killing Floor Trading Card,error,,,,
provider-097,swat1200,76561198104966764,753,6,287517520,1,Bloat,1250-Bloat,Killing Floor Trading Card,error,,,,
provider-097,swat1200,76561198104966764,753,6,287498353,1,Husk,1250-Husk,Killing Floor Trading Card,error,,,,
provider-097,swat1200,76561198104966764,753,6,221511916,1,Patriarch,1250-Patriarch,Killing Floor Trading Card,error,,,,
provider-097,swat1200,76561198104966764,753,6,222507677,1,Patriarch,1250-Patriarch,Killing Floor Trading Card,error,,,,
provider-097,swat1200,76561198104966764,753,6,17782843082,1,MS UNIT,1359090-MS UNIT,Zero Hour Trading Card,error,,,,
provider-097,swat1200,76561198104966764,753,6,17783903432,1,NVG,1359090-NVG,Zero Hour Trading Card,error,,,,
provider-097,swat1200,76561198104966764,753,6,17802440512,1,NVG,1359090-NVG,Zero Hour Trading Card,error,,,,
provider-097,swat1200,76561198104966764,753,6,1760795782,1,Lotus,202170-Lotus,Sleeping Dogs™ Trading Card,error,,,,
provider-097,swat1200,76561198104966764,753,6,1760745661,1,Loyalty,202170-Loyalty,Sleeping Dogs™ Trading Card,error,,,,
provider-097,swat1200,76561198104966764,753,6,1760698182,1,Power,202170-Power,Sleeping Dogs™ Trading Card,error,,,,
provider-097,swat1200,76561198104966764,753,6,1760847973,1,South,202170-South,Sleeping Dogs™ Trading Card,error,,,,
provider-097,swat1200,76561198104966764,753,6,1602951552,1,Clean-up,203140-Clean-up,Hitman: Absolution Trading Card,error,,,,
provider-097,swat1200,76561198104966764,753,6,1600903924,1,Dexter Industries,203140-Dexter Industries,Hitman: Absolution Trading Card,error,,,,
provider-097,swat1200,76561198104966764,753,6,1602935930,1,Dexter Industries,203140-Dexter Industries,Hitman: Absolution Trading Card,error,,,,
provider-097,swat1200,76561198104966764,753,6,1600990988,1,Hope Vista,203140-Hope Vista,Hitman: Absolution Trading Card,error,,,,
provider-097,swat1200,76561198104966764,753,6,1602970865,1,Red Room,203140-Red Room,Hitman: Absolution Trading Card,error,,,,
provider-097,swat1200,76561198104966764,753,6,1613743993,1,Asha Odekar,206420-Asha Odekar,Saints Row IV Trading Card,error,,,,
provider-097,swat1200,76561198104966764,753,6,1613774470,1,Asha Odekar,206420-Asha Odekar,Saints Row IV Trading Card,error,,,,
provider-097,swat1200,76561198104966764,753,6,1613717496,1,Keith David,206420-Keith David,Saints Row IV Trading Card,error,,,,
provider-097,swat1200,76561198104966764,753,6,1613802500,1,Kinzie Kensington,206420-Kinzie Kensington,Saints Row IV Trading Card,error,,,,
provider-097,swat1200,76561198104966764,753,6,17849697691,1,Arkham Knight (Trading Card),208650-Arkham Knight (Trading Card),Batman™: Arkham Knight Trading Card,error,,,,
provider-097,swat1200,76561198104966764,753,6,17851276710,1,Arkham Knight (Trading Card),208650-Arkham Knight (Trading Card),Batman™: Arkham Knight Trading Card,error,,,,
provider-097,swat1200,76561198104966764,753,6,17855669045,1,Batgirl,208650-Batgirl,Batman™: Arkham Knight Trading Card,error,,,,
provider-097,swat1200,76561198104966764,753,6,17850646535,1,Scarecrow,208650-Scarecrow,Batman™: Arkham Knight Trading Card,error,,,,
provider-097,swat1200,76561198104966764,753,6,247700908,1,City of Henderson,216250-City of Henderson,Dead Island Riptide Trading Card,error,,,,
provider-097,swat1200,76561198104966764,753,6,21754365428,1,Dead Island Riptide Booster Pack,216250-Dead Island Riptide Booster Pack,Booster Pack,error,,,,
provider-097,swat1200,76561198104966764,753,6,247646230,1,John Morgan,216250-John Morgan,Dead Island Riptide Trading Card,error,,,,
provider-097,swat1200,76561198104966764,753,6,3986589625,1,Dallas (Trading Card),218620-Dallas (Trading Card),PAYDAY 2 Trading Card,error,,,,
provider-097,swat1200,76561198104966764,753,6,3986971699,1,Hoxton (Trading Card),218620-Hoxton (Trading Card),PAYDAY 2 Trading Card,error,,,,
provider-097,swat1200,76561198104966764,753,6,3986716464,1,The Elephant,218620-The Elephant,PAYDAY 2 Trading Card,error,,,,
provider-097,swat1200,76561198104966764,753,6,3986909581,1,Torn Page of the Guide of Bain,218620-Torn Page of the Guide of Bain,PAYDAY 2 Trading Card,error,,,,
provider-097,swat1200,76561198104966764,753,6,3986846172,1,Wolf (Trading Card),218620-Wolf (Trading Card),PAYDAY 2 Trading Card,error,,,,
provider-097,swat1200,76561198104966764,753,6,2134716439,1,Ada Wong,221040-Ada Wong,Resident Evil 6 Trading Card,error,,,,
provider-097,swat1200,76561198104966764,753,6,2133274584,1,Piers Nivans,221040-Piers Nivans,Resident Evil 6 Trading Card,error,,,,
provider-097,swat1200,76561198104966764,753,6,2134752123,1,Piers Nivans,221040-Piers Nivans,Resident Evil 6 Trading Card,error,,,,
provider-097,swat1200,76561198104966764,753,6,4007703629,1,Fighter,222880-Fighter,Insurgency Trading Card,error,,,,
provider-097,swat1200,76561198104966764,753,6,4011265296,1,Specialist,222880-Specialist,Insurgency Trading Card,error,,,,
provider-097,swat1200,76561198104966764,753,6,4011176897,1,Support,222880-Support,Insurgency Trading Card,error,,,,
provider-097,swat1200,76561198104966764,753,6,224304891,1,The Temple,224420-The Temple,Afterfall InSanity Extended Edition Trading Card,error,,,,
provider-097,swat1200,76561198104966764,753,6,2957581073,1,Killing Floor 2 Booster Pack,232090-Killing Floor 2 Booster Pack,Booster Pack,error,,,,
provider-097,swat1200,76561198104966764,753,6,2258755175,1,Scrake Chainsaw,232090-Scrake Chainsaw,Killing Floor 2 Trading Card,error,,,,
provider-097,swat1200,76561198104966764,753,6,2258666045,1,Siren Scream,232090-Siren Scream,Killing Floor 2 Trading Card,error,,,,
provider-097,swat1200,76561198104966764,753,6,2258845814,1,Siren Scream,232090-Siren Scream,Killing Floor 2 Trading Card,error,,,,
provider-097,swat1200,76561198104966764,753,6,2258940545,1,Trader Time,232090-Trader Time,Killing Floor 2 Trading Card,error,,,,
provider-097,swat1200,76561198104966764,753,6,2580057033,1,Larry,238430-Larry,Contagion Trading Card,error,,,,
provider-097,swat1200,76561198104966764,753,6,2605273222,1,Tony,238430-Tony,Contagion Trading Card,error,,,,
provider-097,swat1200,76561198104966764,753,6,2605335702,1,Tony,238430-Tony,Contagion Trading Card,error,,,,
provider-097,swat1200,76561198104966764,753,6,2967637762,1,Tony,238430-Tony,Contagion Trading Card,error,,,,
provider-097,swat1200,76561198104966764,753,6,9260401856,1,Demolisher,239140-Demolisher,Dying Light Trading Card,error,,,,
provider-097,swat1200,76561198104966764,753,6,9260482945,1,Hazmat,239140-Hazmat,Dying Light Trading Card,error,,,,
provider-097,swat1200,76561198104966764,753,6,9260561949,1,Hazmat,239140-Hazmat,Dying Light Trading Card,error,,,,
provider-097,swat1200,76561198104966764,753,6,9260660916,1,Kyle Crane,239140-Kyle Crane,Dying Light Trading Card,error,,,,
provider-097,swat1200,76561198104966764,753,6,320794272,1,Clear the Street,24240-Clear the Street,PAYDAY: The Heist Trading Card,error,,,,
provider-097,swat1200,76561198104966764,753,6,318948517,1,Explosive,24240-Explosive,PAYDAY: The Heist Trading Card,error,,,,
provider-097,swat1200,76561198104966764,753,6,318981268,1,Job Well Done,24240-Job Well Done,PAYDAY: The Heist Trading Card,error,,,,
provider-097,swat1200,76561198104966764,753,6,1354740202,1,PAYDAY: The Heist Booster Pack,24240-PAYDAY: The Heist Booster Pack,Booster Pack,error,,,,
provider-097,swat1200,76561198104966764,753,6,319014000,1,Pool Repair,24240-Pool Repair,PAYDAY: The Heist Trading Card,error,,,,
provider-097,swat1200,76561198104966764,753,6,320816693,1,Pool Repair,24240-Pool Repair,PAYDAY: The Heist Trading Card,error,,,,
provider-097,swat1200,76561198104966764,753,6,520486036,1,Healing Poultice,250400-Healing Poultice,How to Survive Trading Card,error,,,,
provider-097,swat1200,76561198104966764,753,6,520496163,1,Healing Poultice,250400-Healing Poultice,How to Survive Trading Card,error,,,,
provider-097,swat1200,76561198104966764,753,6,1893315974,1,How to Survive Booster Pack,250400-How to Survive Booster Pack,Booster Pack,error,,,,
provider-097,swat1200,76561198104966764,753,6,520506268,1,Iron Axe,250400-Iron Axe,How to Survive Trading Card,error,,,,
provider-097,swat1200,76561198104966764,753,6,4128744213,1,Ladies Night,251570-Ladies Night,7 Days to Die Trading Card,error,,,,
provider-097,swat1200,76561198104966764,753,6,13043076838,1,Ladies Night,251570-Ladies Night,7 Days to Die Trading Card,error,,,,
provider-097,swat1200,76561198104966764,753,6,13042386772,1,Say Cheese,251570-Say Cheese,7 Days to Die Trading Card,error,,,,
provider-097,swat1200,76561198104966764,753,6,13042747019,1,Say Cheese,251570-Say Cheese,7 Days to Die Trading Card,error,,,,
provider-097,swat1200,76561198104966764,753,6,4015184353,1,Bye Zombies,252490-Bye Zombies,Rust Trading Card,error,,,,
provider-097,swat1200,76561198104966764,753,6,3928841181,1,I love my rock (Trading Card),252490-I love my rock (Trading Card),Rust Trading Card,error,,,,
provider-097,swat1200,76561198104966764,753,6,3932342227,1,Killer wood pile,252490-Killer wood pile,Rust Trading Card,error,,,,
provider-097,swat1200,76561198104966764,753,6,4129359195,1,Lone Wolf,299740-Lone Wolf,Miscreated Trading Card,error,,,,
provider-097,swat1200,76561198104966764,753,6,4129220093,1,Spiker (Trading Card),299740-Spiker (Trading Card),Miscreated Trading Card,error,,,,
provider-097,swat1200,76561198104966764,753,6,4137030753,1,Woodland Friends,299740-Woodland Friends,Miscreated Trading Card,error,,,,
provider-097,swat1200,76561198104966764,753,6,22732183358,1,Ameonna (Trading Card),324800-Ameonna (Trading Card),Shadow Warrior 2 Trading Card,error,,,,
provider-097,swat1200,76561198104966764,753,6,22732767261,1,Mamushi Heika,324800-Mamushi Heika,Shadow Warrior 2 Trading Card,error,,,,
provider-097,swat1200,76561198104966764,753,6,2684238189,1,Field of Battle,344760-Field of Battle,Reign Of Kings Trading Card,error,,,,
provider-097,swat1200,76561198104966764,753,6,3924513197,1,Martial Throne,344760-Martial Throne,Reign Of Kings Trading Card,error,,,,
provider-097,swat1200,76561198104966764,753,6,2687528013,1,Rally,344760-Rally,Reign Of Kings Trading Card,error,,,,
provider-097,swat1200,76561198104966764,753,6,2684492634,1,The Woodland Band,344760-The Woodland Band,Reign Of Kings Trading Card,error,,,,
provider-097,swat1200,76561198104966764,753,6,2687304413,1,The Woodland Band,344760-The Woodland Band,Reign Of Kings Trading Card,error,,,,
provider-097,swat1200,76561198104966764,753,6,5486401791,1,Ash (Trading Card),359550-Ash (Trading Card),Tom Clancy's Rainbow Six Siege Trading Card,error,,,,
provider-097,swat1200,76561198104966764,753,6,5477243306,1,Bandit (Trading Card),359550-Bandit (Trading Card),Tom Clancy's Rainbow Six Siege Trading Card,error,,,,
provider-097,swat1200,76561198104966764,753,6,5486226207,1,Sledge (Trading Card),359550-Sledge (Trading Card),Tom Clancy's Rainbow Six Siege Trading Card,error,,,,
provider-097,swat1200,76561198104966764,753,6,5477391541,1,Thermite (Trading Card),359550-Thermite (Trading Card),Tom Clancy's Rainbow Six Siege Trading Card,error,,,,
provider-097,swat1200,76561198104966764,753,6,5486013846,1,Thermite (Trading Card),359550-Thermite (Trading Card),Tom Clancy's Rainbow Six Siege Trading Card,error,,,,
provider-097,swat1200,76561198104966764,753,6,9610335121,1,Gorodok,393380-Gorodok,Squad Trading Card,error,,,,
provider-097,swat1200,76561198104966764,753,6,9603480369,1,Kohat Toi,393380-Kohat Toi,Squad Trading Card,error,,,,
provider-097,swat1200,76561198104966764,753,6,20930104138,1,Militia Forces,393380-Militia Forces,Squad Trading Card,error,,,,
provider-097,swat1200,76561198104966764,753,6,14625325357,1,Militia Forces Under Fire,393380-Militia Forces Under Fire,Squad Trading Card,error,,,,
provider-097,swat1200,76561198104966764,753,6,9657110004,1,Russian Combined Arms,393380-Russian Combined Arms,Squad Trading Card,error,,,,
provider-097,swat1200,76561198104966764,753,6,39373679496,1,Invasion,4000-Invasion,Garry's Mod Trading Card,error,,,,
provider-097,swat1200,76561198104966764,753,6,212701620,1,Missing Textures,4000-Missing Textures,Garry's Mod Trading Card,error,,,,
provider-097,swat1200,76561198104966764,753,6,212655897,1,Physgun,4000-Physgun,Garry's Mod Trading Card,error,,,,
provider-097,swat1200,76561198104966764,753,6,213928008,1,Physgun,4000-Physgun,Garry's Mod Trading Card,error,,,,
provider-097,swat1200,76561198104966764,753,6,39373679495,1,Thrusters,4000-Thrusters,Garry's Mod Trading Card,error,,,,
provider-097,swat1200,76561198104966764,753,6,39373679497,1,Thrusters,4000-Thrusters,Garry's Mod Trading Card,error,,,,
provider-097,swat1200,76561198104966764,753,6,213897771,1,Trouble In Terrorist Town (Trading Card),4000-Trouble In Terrorist Town (Trading Card),Garry's Mod Trading Card,error,,,,
provider-097,swat1200,76561198104966764,753,6,213961451,1,Trouble In Terrorist Town (Trading Card),4000-Trouble In Terrorist Town (Trading Card),Garry's Mod Trading Card,error,,,,
provider-097,swat1200,76561198104966764,753,6,22771113024,1,Brute,47780-Brute,Dead Space 2 Trading Card,error,,,,
provider-097,swat1200,76561198104966764,753,6,22463834734,1,Leaper,47780-Leaper,Dead Space 2 Trading Card,error,,,,
provider-097,swat1200,76561198104966764,753,6,22761476800,1,Leaper,47780-Leaper,Dead Space 2 Trading Card,error,,,,
provider-097,swat1200,76561198104966764,753,6,9397284896,1,Puppet,513710-Puppet,SCUM Trading Card,error,,,,
provider-097,swat1200,76561198104966764,753,6,9397784426,1,Puppet,513710-Puppet,SCUM Trading Card,error,,,,
provider-097,swat1200,76561198104966764,753,6,9395954218,1,Sharpshooter (Trading Card),513710-Sharpshooter (Trading Card),SCUM Trading Card,error,,,,
provider-097,swat1200,76561198104966764,753,6,9396677490,1,Sharpshooter (Trading Card),513710-Sharpshooter (Trading Card),SCUM Trading Card,error,,,,
provider-097,swat1200,76561198104966764,753,6,422818841,1,Charger,550-Charger,Left 4 Dead 2 Trading Card,error,,,,
provider-097,swat1200,76561198104966764,753,6,422926103,1,Charger,550-Charger,Left 4 Dead 2 Trading Card,error,,,,
provider-097,swat1200,76561198104966764,753,6,424616593,1,Hunter,550-Hunter,Left 4 Dead 2 Trading Card,error,,,,
provider-097,swat1200,76561198104966764,753,6,424779743,1,Witch,550-Witch,Left 4 Dead 2 Trading Card,error,,,,
provider-097,swat1200,76561198104966764,753,6,12148173242,1,Breach,581320-Breach,Insurgency: Sandstorm Trading Card,error,,,,
provider-097,swat1200,76561198104966764,753,6,12148313810,1,Killing Fields,581320-Killing Fields,Insurgency: Sandstorm Trading Card,error,,,,
provider-097,swat1200,76561198104966764,753,6,12148032848,1,Masks On,581320-Masks On,Insurgency: Sandstorm Trading Card,error,,,,
provider-097,swat1200,76561198104966764,753,6,18962562339,1,Assistance Required,625340-Assistance Required,XERA: Survival Trading Card,error,,,,
provider-097,swat1200,76561198104966764,753,6,18965889876,1,Assistance Required,625340-Assistance Required,XERA: Survival Trading Card,error,,,,
provider-097,swat1200,76561198104966764,753,6,18958879395,1,Humanoid,625340-Humanoid,XERA: Survival Trading Card,error,,,,
provider-097,swat1200,76561198104966764,753,6,1744014359,1,Styrac Attack!,70000-Styrac Attack!,Dino D-Day Trading Card,error,,,,
provider-097,swat1200,76561198104966764,753,6,1591955782,1,Waist Deep in Freedom,70000-Waist Deep in Freedom,Dino D-Day Trading Card,error,,,,
provider-097,swat1200,76561198104966764,753,6,1743962017,1,Waist Deep in Freedom,70000-Waist Deep in Freedom,Dino D-Day Trading Card,error,,,,
provider-097,swat1200,76561198104966764,753,6,1743906703,1,Winging It,70000-Winging It,Dino D-Day Trading Card,error,,,,
provider-097,swat1200,76561198104966764,753,6,2712970371,1,Draugr Deathlord,72850-Draugr Deathlord,The Elder Scrolls V: Skyrim Trading Card,error,,,,
provider-097,swat1200,76561198104966764,753,6,2711769146,1,Mehrunes Dagon,72850-Mehrunes Dagon,The Elder Scrolls V: Skyrim Trading Card,error,,,,
provider-097,swat1200,76561198104966764,753,6,2712885929,1,Mehrunes Dagon,72850-Mehrunes Dagon,The Elder Scrolls V: Skyrim Trading Card,error,,,,
provider-097,swat1200,76561198104966764,753,6,2712926401,1,Nordic Ruins,72850-Nordic Ruins,The Elder Scrolls V: Skyrim Trading Card,error,,,,
provider-097,swat1200,76561198104966764,753,6,1578075989,1,Balkan,730-Balkan,Counter-Strike 2 Trading Card,error,,,,
provider-097,swat1200,76561198104966764,753,6,1577936812,1,FBI,730-FBI,Counter-Strike 2 Trading Card,error,,,,
provider-097,swat1200,76561198104966764,753,6,1577818959,1,SWAT,730-SWAT,Counter-Strike 2 Trading Card,error,,,,
provider-097,swat1200,76561198104966764,753,6,19528932694,1,CASSIE CAGE,976310-CASSIE CAGE,Mortal Kombat 11 Trading Card,error,,,,
provider-097,swat1200,76561198104966764,753,6,19534658183,1,D'VORAH,976310-D'VORAH,Mortal Kombat 11 Trading Card,error,,,,
provider-097,swat1200,76561198104966764,753,6,19536957006,1,KOTAL KAHN,976310-KOTAL KAHN,Mortal Kombat 11 Trading Card,error,,,,
provider-097,swat1200,76561198104966764,753,6,19535789306,1,NOOB SAIBOT,976310-NOOB SAIBOT,Mortal Kombat 11 Trading Card,error,,,,
provider-097,swat1200,76561198104966764,753,6,19536414540,1,NOOB SAIBOT,976310-NOOB SAIBOT,Mortal Kombat 11 Trading Card,error,,,,
provider-097,swat1200,76561198104966764,753,6,19537504211,1,RAIDEN (Trading Card),976310-RAIDEN (Trading Card),Mortal Kombat 11 Trading Card,error,,,,
provider-097,swat1200,76561198104966764,753,6,19535168950,1,SONYA (Trading Card),976310-SONYA (Trading Card),Mortal Kombat 11 Trading Card,error,,,,
provider-097,swat1200,76561198104966764,730,2,4951670797,1,AUG | Contractor,AUG | Contractor (Battle-Scarred),Consumer Grade Rifle,error,,,,
provider-097,swat1200,76561198104966764,730,2,1661275089,1,G3SG1 | Polar Camo,G3SG1 | Polar Camo (Field-Tested),Consumer Grade Sniper Rifle,error,,,,
provider-097,swat1200,76561198104966764,730,2,1669671805,1,Operation Breakout Weapon Case,Operation Breakout Weapon Case,Base Grade Container,error,,,,
provider-097,swat1200,76561198104966764,730,2,4831245506,1,Operation Breakout Weapon Case,Operation Breakout Weapon Case,Base Grade Container,error,,,,
provider-097,swat1200,76561198104966764,730,2,5022741617,1,Operation Breakout Weapon Case,Operation Breakout Weapon Case,Base Grade Container,error,,,,
provider-097,swat1200,76561198104966764,730,2,5091000072,1,Operation Breakout Weapon Case,Operation Breakout Weapon Case,Base Grade Container,error,,,,
provider-097,swat1200,76561198104966764,730,2,5086462576,1,P250 | Boreal Forest,P250 | Boreal Forest (Well-Worn),Consumer Grade Pistol,error,,,,
provider-097,swat1200,76561198104966764,730,2,4928012278,1,P250 | Sand Dune,P250 | Sand Dune (Minimal Wear),Consumer Grade Pistol,error,,,,
provider-097,swat1200,76561198104966764,730,2,5000756770,1,Revolver Case,Revolver Case,Base Grade Container,error,,,,
provider-097,swat1200,76561198104966764,730,2,4842162589,1,Shadow Case,Shadow Case,Base Grade Container,error,,,,
provider-097,swat1200,76561198104966764,730,2,5043382561,1,Tec-9 | Army Mesh,Tec-9 | Army Mesh (Field-Tested),Consumer Grade Pistol,error,,,,
provider-097,swat1200,76561198104966764,730,2,4861411694,1,Tec-9 | Army Mesh,Tec-9 | Army Mesh (Minimal Wear),Consumer Grade Pistol,error,,,,
provider-098,markizzz2016,76561199809164836,753,6,39596645514,1,Knoth,414700-Knoth,Outlast 2 Trading Card,error,,,,
provider-098,markizzz2016,76561199809164836,753,6,39602791201,1,Knoth,414700-Knoth,Outlast 2 Trading Card,error,,,,
provider-098,markizzz2016,76561199809164836,753,6,39632680284,1,Val,414700-Val,Outlast 2 Trading Card,error,,,,
provider-098,markizzz2016,76561199809164836,753,6,32828300218,1,Crab!,979070-Crab!,Just Die Already Trading Card,error,,,,
provider-098,markizzz2016,76561199809164836,753,6,32741537363,1,Lucky Star,979070-Lucky Star,Just Die Already Trading Card,error,,,,
provider-098,markizzz2016,76561199809164836,753,6,32644072561,1,Mantis!,979070-Mantis!,Just Die Already Trading Card,error,,,,
provider-098,markizzz2016,76561199809164836,753,6,32610568008,1,Wally,979070-Wally,Just Die Already Trading Card,error,,,,
provider-098,markizzz2016,76561199809164836,570,2,32177397396,1,Tines of the Pyrexae - Body Head,Tines of the Pyrexae - Body Head,Rare Wearable,error,,,,
provider-099,dhortelio#2,76561198123531128,753,6,35461947249,1,Honda,1222680-Honda,Need for Speed™ Heat  Trading Card,error,,,,
provider-099,dhortelio#2,76561198123531128,753,6,35461481872,1,Nissan,1222680-Nissan,Need for Speed™ Heat  Trading Card,error,,,,
provider-099,dhortelio#2,76561198123531128,753,6,35462562803,1,Range Rover SVR,1222680-Range Rover SVR,Need for Speed™ Heat  Trading Card,error,,,,
provider-099,dhortelio#2,76561198123531128,753,6,32282040789,1,Asphalt Dumper,1273400-Asphalt Dumper,Construction Simulator Trading Card,error,,,,
provider-099,dhortelio#2,76561198123531128,753,6,32280786454,1,Dozer,1273400-Dozer,Construction Simulator Trading Card,error,,,,
provider-099,dhortelio#2,76561198123531128,753,6,32246656761,1,Dumper,1273400-Dumper,Construction Simulator Trading Card,error,,,,
provider-099,dhortelio#2,76561198123531128,753,6,32281399180,1,Mobile Crane,1273400-Mobile Crane,Construction Simulator Trading Card,error,,,,
provider-099,dhortelio#2,76561198123531128,753,6,32246916015,1,Wheel loader,1273400-Wheel loader,Construction Simulator Trading Card,error,,,,
provider-099,dhortelio#2,76561198123531128,753,6,33902142513,1,NVG,1359090-NVG,Zero Hour Trading Card,error,,,,
provider-099,dhortelio#2,76561198123531128,753,6,36496630216,1,Midnight Locksmith,2737070-Midnight Locksmith,Crime Simulator Trading Card,error,,,,
provider-099,dhortelio#2,76561198123531128,753,6,32276494476,1,Nastya (Trading Card),2755330-Nastya (Trading Card),Chushpan Simulator Trading Card,error,,,,
provider-099,dhortelio#2,76561198123531128,753,6,21481827146,1,Daisy Despair (Trading Card),386360-Daisy Despair (Trading Card),SMITE Trading Card,error,,,,
provider-099,dhortelio#2,76561198123531128,753,6,32000710634,1,Daisy Despair (Trading Card),386360-Daisy Despair (Trading Card),SMITE Trading Card,error,,,,
provider-099,dhortelio#2,76561198123531128,753,6,14853433859,1,Dark Whisperer,386360-Dark Whisperer,SMITE Trading Card,error,,,,
provider-099,dhortelio#2,76561198123531128,753,6,31814302855,1,Dark Whisperer,386360-Dark Whisperer,SMITE Trading Card,error,,,,
provider-099,dhortelio#2,76561198123531128,753,6,14853156622,1,Executioner,386360-Executioner,SMITE Trading Card,error,,,,
provider-099,dhortelio#2,76561198123531128,753,6,32000383266,1,Flurry,386360-Flurry,SMITE Trading Card,error,,,,
provider-099,dhortelio#2,76561198123531128,753,6,14853300850,1,Ragnarok,386360-Ragnarok,SMITE Trading Card,error,,,,
provider-099,dhortelio#2,76561198123531128,753,6,14890238930,1,Ragnarok,386360-Ragnarok,SMITE Trading Card,error,,,,
provider-099,dhortelio#2,76561198123531128,753,6,14890364309,1,Ragnarok,386360-Ragnarok,SMITE Trading Card,error,,,,
provider-099,dhortelio#2,76561198123531128,753,6,14853713825,1,Scarlet Coven Eset,386360-Scarlet Coven Eset,SMITE Trading Card,error,,,,
provider-099,dhortelio#2,76561198123531128,753,6,14756134840,1,Swagni (Trading Card),386360-Swagni (Trading Card),SMITE Trading Card,error,,,,
provider-099,dhortelio#2,76561198123531128,753,6,14853577306,1,Void Wyrm,386360-Void Wyrm,SMITE Trading Card,error,,,,
provider-099,dhortelio#2,76561198123531128,753,6,32001859728,1,Void Wyrm,386360-Void Wyrm,SMITE Trading Card,error,,,,
provider-099,dhortelio#2,76561198123531128,753,6,37466287209,1,Feral,495420-Feral,State of Decay 2 Trading Card,error,,,,
provider-099,dhortelio#2,76561198123531128,753,6,35786115094,1,Valos Prime (Trading Card),623340-Valos Prime (Trading Card),Stars End Trading Card,error,,,,
provider-099,dhortelio#2,76561198123531128,753,6,35796276692,1,Valos Prime (Trading Card),623340-Valos Prime (Trading Card),Stars End Trading Card,error,,,,
provider-099,dhortelio#2,76561198123531128,753,6,35796553370,1,Valos Prime (Trading Card),623340-Valos Prime (Trading Card),Stars End Trading Card,error,,,,
provider-102,aleksandrapojarnova1997,76561199187292797,753,6,35818276753,1,Book Smart,1350650-Book Smart,FreshWomen - Season 1 Trading Card,error,,,,
provider-102,aleksandrapojarnova1997,76561199187292797,753,6,33420350233,1,Redhead,1350650-Redhead,FreshWomen - Season 1 Trading Card,error,,,,
provider-102,aleksandrapojarnova1997,76561199187292797,753,6,33488768034,1,Elizabeth,1607130-Elizabeth,Lust Theory Trading Card,error,,,,
provider-102,aleksandrapojarnova1997,76561199187292797,753,6,37879714818,1,Campfire (Trading Card),3527290-Campfire (Trading Card),PEAK Trading Card,error,,,,
provider-102,aleksandrapojarnova1997,76561199187292797,753,6,37712153972,1,Don’t Eat That!,3527290-Don’t Eat That!,PEAK Trading Card,error,,,,
provider-102,aleksandrapojarnova1997,76561199187292797,753,6,37712948600,1,PEAK!,3527290-PEAK!,PEAK Trading Card,error,,,,
provider-102,aleksandrapojarnova1997,76561199187292797,753,6,37711857906,1,Stick Together,3527290-Stick Together,PEAK Trading Card,error,,,,
provider-102,aleksandrapojarnova1997,76561199187292797,753,6,37712427460,1,Stick Together,3527290-Stick Together,PEAK Trading Card,error,,,,
provider-102,aleksandrapojarnova1997,76561199187292797,753,6,37712695212,1,The Ultimate Carry,3527290-The Ultimate Carry,PEAK Trading Card,error,,,,
provider-102,aleksandrapojarnova1997,76561199187292797,753,6,37713123830,1,The Ultimate Carry,3527290-The Ultimate Carry,PEAK Trading Card,error,,,,
provider-102,aleksandrapojarnova1997,76561199187292797,753,6,37879519873,1,The Ultimate Carry,3527290-The Ultimate Carry,PEAK Trading Card,error,,,,
provider-102,aleksandrapojarnova1997,76561199187292797,753,6,36034752712,1,Charger,550-Charger,Left 4 Dead 2 Trading Card,error,,,,
provider-102,aleksandrapojarnova1997,76561199187292797,753,6,33421550644,1,Smoker,550-Smoker,Left 4 Dead 2 Trading Card,error,,,,
provider-102,aleksandrapojarnova1997,76561199187292797,753,6,35398918107,1,Spitter,550-Spitter,Left 4 Dead 2 Trading Card,error,,,,
provider-102,aleksandrapojarnova1997,76561199187292797,753,6,35399077087,1,Witch,550-Witch,Left 4 Dead 2 Trading Card,error,,,,
provider-106,dziczek2k18,76561198854073369,753,6,19264497787,1,:crying_yeti:,1797760-:crying_yeti:,The Steam Awards - 2021 Emoticon,error,,,,
provider-106,dziczek2k18,76561198854073369,730,2,16066750585,1,AK-47 | Aquamarine Revenge,AK-47 | Aquamarine Revenge (Battle-Scarred),Covert Rifle,error,,,,
provider-106,dziczek2k18,76561198854073369,730,2,15247670299,1,AUG | Contractor,AUG | Contractor (Field-Tested),Consumer Grade Rifle,error,,,,
provider-106,dziczek2k18,76561198854073369,730,2,16066748282,1,AWP | Pit Viper,AWP | Pit Viper (Field-Tested),Restricted Sniper Rifle,error,,,,
provider-106,dziczek2k18,76561198854073369,730,2,15196676364,1,AWP | Safari Mesh,AWP | Safari Mesh (Field-Tested),Industrial Grade Sniper Rifle,error,,,,
provider-106,dziczek2k18,76561198854073369,730,2,15187179757,1,Clutch Case,Clutch Case,Base Grade Container,error,,,,
provider-106,dziczek2k18,76561198854073369,730,2,15196647581,1,Clutch Case,Clutch Case,Base Grade Container,error,,,,
provider-106,dziczek2k18,76561198854073369,730,2,15211210827,1,Clutch Case,Clutch Case,Base Grade Container,error,,,,
provider-106,dziczek2k18,76561198854073369,730,2,15270242370,1,Desert Eagle | Mudder,Desert Eagle | Mudder (Minimal Wear),Industrial Grade Pistol,error,,,,
provider-106,dziczek2k18,76561198854073369,730,2,15270253253,1,Dual Berettas | Ventilators,Dual Berettas | Ventilators (Field-Tested),Mil-Spec Grade Pistol,error,,,,
provider-106,dziczek2k18,76561198854073369,730,2,15187179739,1,FAMAS | Cyanospatter,FAMAS | Cyanospatter (Field-Tested),Industrial Grade Rifle,error,,,,
provider-106,dziczek2k18,76561198854073369,730,2,15247670339,1,Five-SeveN | Forest Night,Five-SeveN | Forest Night (Field-Tested),Consumer Grade Pistol,error,,,,
provider-106,dziczek2k18,76561198854073369,730,2,15247670411,1,Galil AR | Black Sand,Galil AR | Black Sand (Battle-Scarred),Mil-Spec Grade Rifle,error,,,,
provider-106,dziczek2k18,76561198854073369,730,2,16069727531,1,Gamma 2 Case,Gamma 2 Case,Base Grade Container,error,,,,
provider-106,dziczek2k18,76561198854073369,730,2,15270244077,1,Glock-18 | Warhawk,Glock-18 | Warhawk (Well-Worn),Mil-Spec Grade Pistol,error,,,,
provider-106,dziczek2k18,76561198854073369,730,2,15187179783,1,Glove Case,Glove Case,Base Grade Container,error,,,,
provider-106,dziczek2k18,76561198854073369,730,2,15187179805,1,Glove Case,Glove Case,Base Grade Container,error,,,,
provider-106,dziczek2k18,76561198854073369,730,2,15883049743,1,Horizon Case,Horizon Case,Base Grade Container,error,,,,
provider-106,dziczek2k18,76561198854073369,730,2,16034681628,1,Horizon Case,Horizon Case,Base Grade Container,error,,,,
provider-106,dziczek2k18,76561198854073369,730,2,16071658110,1,M4A1-S | Flashback,M4A1-S | Flashback (Field-Tested),Restricted Rifle,error,,,,
provider-106,dziczek2k18,76561198854073369,730,2,15219104251,1,MAC-10 | Palm,MAC-10 | Palm (Minimal Wear),Industrial Grade SMG,error,,,,
provider-106,dziczek2k18,76561198854073369,730,2,15234992373,1,MP7 | Forest DDPAT,MP7 | Forest DDPAT (Field-Tested),Consumer Grade SMG,error,,,,
provider-106,dziczek2k18,76561198854073369,730,2,15182925443,1,P2000 | Granite Marbleized,P2000 | Granite Marbleized (Field-Tested),Industrial Grade Pistol,error,,,,
provider-106,dziczek2k18,76561198854073369,730,2,15247670501,1,P250 | Sand Dune,P250 | Sand Dune (Field-Tested),Consumer Grade Pistol,error,,,,
provider-106,dziczek2k18,76561198854073369,730,2,15187179688,1,SCAR-20 | Carbon Fiber,SCAR-20 | Carbon Fiber (Factory New),Industrial Grade Sniper Rifle,error,,,,
provider-106,dziczek2k18,76561198854073369,730,2,15247670278,1,SCAR-20 | Contractor,SCAR-20 | Contractor (Field-Tested),Consumer Grade Sniper Rifle,error,,,,
provider-106,dziczek2k18,76561198854073369,730,2,15247670533,1,Sealed Graffiti | Eco (Tracer Yellow),Sealed Graffiti | Eco (Tracer Yellow),Base Grade Graffiti,error,,,,
provider-106,dziczek2k18,76561198854073369,730,2,15247670359,1,Sealed Graffiti | Eye Spy (Brick Red),Sealed Graffiti | Eye Spy (Brick Red),Base Grade Graffiti,error,,,,
provider-106,dziczek2k18,76561198854073369,730,2,15247670517,1,Sealed Graffiti | GTG (SWAT Blue),Sealed Graffiti | GTG (SWAT Blue),Base Grade Graffiti,error,,,,
provider-106,dziczek2k18,76561198854073369,730,2,15247670559,1,Sealed Graffiti | Jump Shot (War Pig Pink),Sealed Graffiti | Jump Shot (War Pig Pink),Base Grade Graffiti,error,,,,
provider-106,dziczek2k18,76561198854073369,730,2,15247670320,1,Sealed Graffiti | NaCl (Shark White),Sealed Graffiti | NaCl (Shark White),Base Grade Graffiti,error,,,,
provider-106,dziczek2k18,76561198854073369,730,2,15247670579,1,Sealed Graffiti | NaCl (Shark White),Sealed Graffiti | NaCl (Shark White),Base Grade Graffiti,error,,,,
provider-106,dziczek2k18,76561198854073369,730,2,15247670477,1,Sealed Graffiti | Popdog (Violent Violet),Sealed Graffiti | Popdog (Violent Violet),Base Grade Graffiti,error,,,,
provider-106,dziczek2k18,76561198854073369,730,2,16069892907,1,SG 553 | Aerial,SG 553 | Aerial (Field-Tested),Mil-Spec Grade Rifle,error,,,,
provider-106,dziczek2k18,76561198854073369,730,2,15234930977,1,Spectrum 2 Case,Spectrum 2 Case,Base Grade Container,error,,,,
provider-106,dziczek2k18,76561198854073369,730,2,15187179701,1,Spectrum Case,Spectrum Case,Base Grade Container,error,,,,
provider-106,dziczek2k18,76561198854073369,730,2,15187179713,1,Spectrum Case,Spectrum Case,Base Grade Container,error,,,,
provider-106,dziczek2k18,76561198854073369,730,2,15247670459,1,Tec-9 | Army Mesh,Tec-9 | Army Mesh (Factory New),Consumer Grade Pistol,error,,,,
provider-106,dziczek2k18,76561198854073369,730,2,15991610180,1,Tec-9 | Army Mesh,Tec-9 | Army Mesh (Field-Tested),Consumer Grade Pistol,error,,,,
provider-106,dziczek2k18,76561198854073369,730,2,15247670381,1,Tec-9 | Army Mesh,Tec-9 | Army Mesh (Minimal Wear),Consumer Grade Pistol,error,,,,
provider-106,dziczek2k18,76561198854073369,730,2,15194507401,1,XM1014 | Oxide Blaze,XM1014 | Oxide Blaze (Minimal Wear),Mil-Spec Grade Shotgun,error,,,,
provider-108,fyfcycyf,76561198294741044,753,6,3821223561,1,AR-2 Darter,107410-AR-2 Darter,Arma 3 Trading Card,error,,,,
provider-108,fyfcycyf,76561198294741044,753,6,3328042029,1,MH-9 Hummingbird,107410-MH-9 Hummingbird,Arma 3 Trading Card,error,,,,
provider-108,fyfcycyf,76561198294741044,753,6,4046366186,1,MH-9 Hummingbird,107410-MH-9 Hummingbird,Arma 3 Trading Card,error,,,,
provider-108,fyfcycyf,76561198294741044,753,6,13953013746,1,Chief Trader Mollie,1172620-Chief Trader Mollie,Sea of Thieves Trading Card,error,,,,
provider-108,fyfcycyf,76561198294741044,753,6,16911802448,1,Duke,1172620-Duke,Sea of Thieves Trading Card,error,,,,
provider-108,fyfcycyf,76561198294741044,753,6,13965032258,1,Humphrey the Hoarder,1172620-Humphrey the Hoarder,Sea of Thieves Trading Card,error,,,,
provider-108,fyfcycyf,76561198294741044,753,6,14068607781,1,The Ferryman,1172620-The Ferryman,Sea of Thieves Trading Card,error,,,,
provider-108,fyfcycyf,76561198294741044,753,6,7179678973,1,Aftermath,202990-Aftermath,Call of Duty: Black Ops II - Multiplayer Trading Card,error,,,,
provider-108,fyfcycyf,76561198294741044,753,6,7179232761,1,Drone,202990-Drone,Call of Duty: Black Ops II - Multiplayer Trading Card,error,,,,
provider-108,fyfcycyf,76561198294741044,753,6,7180300014,1,Nuketown 2025,202990-Nuketown 2025,Call of Duty: Black Ops II - Multiplayer Trading Card,error,,,,
provider-108,fyfcycyf,76561198294741044,753,6,7181656603,1,Nuketown 2025,202990-Nuketown 2025,Call of Duty: Black Ops II - Multiplayer Trading Card,error,,,,
provider-108,fyfcycyf,76561198294741044,753,6,6803438008,1,Standoff,202990-Standoff,Call of Duty: Black Ops II - Multiplayer Trading Card,error,,,,
provider-108,fyfcycyf,76561198294741044,753,6,7179679001,1,"Abigail ""Misty"" Briarton","212910-Abigail ""Misty"" Briarton",Call of Duty: Black Ops II - Zombies Trading Card,error,,,,
provider-108,fyfcycyf,76561198294741044,753,6,7181291428,1,Dr. Edward Richtofen,212910-Dr. Edward Richtofen,Call of Duty: Black Ops II - Zombies Trading Card,error,,,,
provider-108,fyfcycyf,76561198294741044,753,6,7181417417,1,Nikolai Belinski,212910-Nikolai Belinski,Call of Duty: Black Ops II - Zombies Trading Card,error,,,,
provider-108,fyfcycyf,76561198294741044,753,6,7181529505,1,Takeo Masaki (Trading Card),212910-Takeo Masaki (Trading Card),Call of Duty: Black Ops II - Zombies Trading Card,error,,,,
provider-108,fyfcycyf,76561198294741044,753,6,7180482288,1,Tank Dempsey,212910-Tank Dempsey,Call of Duty: Black Ops II - Zombies Trading Card,error,,,,
provider-108,fyfcycyf,76561198294741044,753,6,5537645172,1,Chains (Trading Card),218620-Chains (Trading Card),PAYDAY 2 Trading Card,error,,,,
provider-108,fyfcycyf,76561198294741044,753,6,7182128394,1,Dallas (Trading Card),218620-Dallas (Trading Card),PAYDAY 2 Trading Card,error,,,,
provider-108,fyfcycyf,76561198294741044,753,6,7182236214,1,Dallas (Trading Card),218620-Dallas (Trading Card),PAYDAY 2 Trading Card,error,,,,
provider-108,fyfcycyf,76561198294741044,753,6,7180661144,1,Hector,218620-Hector,PAYDAY 2 Trading Card,error,,,,
provider-108,fyfcycyf,76561198294741044,753,6,4764592015,1,Class & Quality,227300-Class & Quality,Euro Truck Simulator 2 Trading Card,error,,,,
provider-108,fyfcycyf,76561198294741044,753,6,4765635186,1,Endurance & Performance,227300-Endurance & Performance,Euro Truck Simulator 2 Trading Card,error,,,,
provider-108,fyfcycyf,76561198294741044,753,6,4799370620,1,Power & Safety,227300-Power & Safety,Euro Truck Simulator 2 Trading Card,error,,,,
provider-108,fyfcycyf,76561198294741044,753,6,3530996345,1,My Pretty,233720-My Pretty,Surgeon Simulator Trading Card,error,,,,
provider-108,fyfcycyf,76561198294741044,753,6,7180821579,1,My Pretty,233720-My Pretty,Surgeon Simulator Trading Card,error,,,,
provider-108,fyfcycyf,76561198294741044,753,6,7181113773,1,My Pretty,233720-My Pretty,Surgeon Simulator Trading Card,error,,,,
provider-108,fyfcycyf,76561198294741044,753,6,5668544405,1,Tooled Up,233720-Tooled Up,Surgeon Simulator Trading Card,error,,,,
provider-108,fyfcycyf,76561198294741044,753,6,7180963904,1,Tooled Up,233720-Tooled Up,Surgeon Simulator Trading Card,error,,,,
provider-108,fyfcycyf,76561198294741044,753,6,5668544413,1,The Beheader,241930-The Beheader,Middle-earth™: Shadow of Mordor™ Trading Card,error,,,,
provider-108,fyfcycyf,76561198294741044,753,6,7181971464,1,The Raid-Leader,241930-The Raid-Leader,Middle-earth™: Shadow of Mordor™ Trading Card,error,,,,
provider-108,fyfcycyf,76561198294741044,753,6,7181682015,1,The Shaman,241930-The Shaman,Middle-earth™: Shadow of Mordor™ Trading Card,error,,,,
provider-108,fyfcycyf,76561198294741044,753,6,3440050168,1,GOAL!,252950-GOAL!,Rocket League Trading Card,error,,,,
provider-108,fyfcycyf,76561198294741044,753,6,3216906051,1,Kick-Off,252950-Kick-Off,Rocket League Trading Card,error,,,,
provider-108,fyfcycyf,76561198294741044,753,6,3320319629,1,That Crossbar,252950-That Crossbar,Rocket League Trading Card,error,,,,
provider-108,fyfcycyf,76561198294741044,753,6,5676091369,1,Ibishu 200BX (Trading Card),284160-Ibishu 200BX (Trading Card),BeamNG.drive Trading Card,error,,,,
provider-108,fyfcycyf,76561198294741044,753,6,2891303116,1,Huey,287700-Huey,METAL GEAR SOLID V: THE PHANTOM PAIN Trading Card,error,,,,
provider-108,fyfcycyf,76561198294741044,753,6,2882538952,1,The Third Child,287700-The Third Child,METAL GEAR SOLID V: THE PHANTOM PAIN Trading Card,error,,,,
provider-108,fyfcycyf,76561198294741044,753,6,4910904779,1,The Giant,311210- The Giant,Call of Duty: Black Ops III Trading Card,error,,,,
provider-108,fyfcycyf,76561198294741044,753,6,5285438667,1,The Giant,311210- The Giant,Call of Duty: Black Ops III Trading Card,error,,,,
provider-108,fyfcycyf,76561198294741044,753,6,5639122167,1,Cybernetic Enhancements,311210-Cybernetic Enhancements,Call of Duty: Black Ops III Trading Card,error,,,,
provider-108,fyfcycyf,76561198294741044,753,6,4948210032,1,Metro,311210-Metro,Call of Duty: Black Ops III Trading Card,error,,,,
provider-108,fyfcycyf,76561198294741044,753,6,5221715080,1,Reaper,311210-Reaper,Call of Duty: Black Ops III Trading Card,error,,,,
provider-108,fyfcycyf,76561198294741044,753,6,4897839764,1,Stronghold,311210-Stronghold,Call of Duty: Black Ops III Trading Card,error,,,,
provider-108,fyfcycyf,76561198294741044,753,6,5716006831,1,Ash (Trading Card),359550-Ash (Trading Card),Tom Clancy's Rainbow Six Siege Trading Card,error,,,,
provider-108,fyfcycyf,76561198294741044,753,6,7113220579,1,Ash (Trading Card),359550-Ash (Trading Card),Tom Clancy's Rainbow Six Siege Trading Card,error,,,,
provider-108,fyfcycyf,76561198294741044,753,6,6235619294,1,Doc (Trading Card),359550-Doc (Trading Card),Tom Clancy's Rainbow Six Siege Trading Card,error,,,,
provider-108,fyfcycyf,76561198294741044,753,6,5893983601,1,Thermite (Trading Card),359550-Thermite (Trading Card),Tom Clancy's Rainbow Six Siege Trading Card,error,,,,
provider-108,fyfcycyf,76561198294741044,753,6,7179678971,1,Thermite (Trading Card),359550-Thermite (Trading Card),Tom Clancy's Rainbow Six Siege Trading Card,error,,,,
provider-108,fyfcycyf,76561198294741044,753,6,4115082336,1,Division,365590-Division,Tom Clancy's The Division Trading Card,error,,,,
provider-108,fyfcycyf,76561198294741044,753,6,4471619148,1,LastMan,365590-LastMan,Tom Clancy's The Division Trading Card,error,,,,
provider-108,fyfcycyf,76561198294741044,753,6,4095977056,1,Rogue,365590-Rogue,Tom Clancy's The Division Trading Card,error,,,,
provider-108,fyfcycyf,76561198294741044,753,6,4071041448,1,Snow Drift,367450-Snow Drift,Poly Bridge Trading Card,error,,,,
provider-108,fyfcycyf,76561198294741044,753,6,22357010493,1,Meg Thomas (Trading Card),381210-Meg Thomas (Trading Card),Dead by Daylight Trading Card,error,,,,
provider-108,fyfcycyf,76561198294741044,753,6,16702817257,1,The hillbilly (Trading Card),381210-The hillbilly (Trading Card),Dead by Daylight Trading Card,error,,,,
provider-108,fyfcycyf,76561198294741044,753,6,16708745216,1,The trapper (Trading Card),381210-The trapper (Trading Card),Dead by Daylight Trading Card,error,,,,
provider-108,fyfcycyf,76561198294741044,753,6,16708535367,1,The Wraith (Trading Card),381210-The Wraith (Trading Card),Dead by Daylight Trading Card,error,,,,
provider-108,fyfcycyf,76561198294741044,753,6,5675417224,1,Movie Maker,4000-Movie Maker,Garry's Mod Trading Card,error,,,,
provider-108,fyfcycyf,76561198294741044,753,6,5674077491,1,Thrusters,4000-Thrusters,Garry's Mod Trading Card,error,,,,
provider-108,fyfcycyf,76561198294741044,753,6,5086053525,1,Alaska,428690-Alaska,Youtubers Life Trading Card,error,,,,
provider-108,fyfcycyf,76561198294741044,753,6,5504143565,1,Alex & Elena,428690-Alex & Elena,Youtubers Life Trading Card,error,,,,
provider-108,fyfcycyf,76561198294741044,753,6,4055785137,1,Justin Lee,428690-Justin Lee,Youtubers Life Trading Card,error,,,,
provider-108,fyfcycyf,76561198294741044,753,6,4092631632,1,Car Blueprints,431960-Car Blueprints,Wallpaper Engine Trading Card,error,,,,
provider-108,fyfcycyf,76561198294741044,753,6,4092873468,1,Gunslinger,431960-Gunslinger,Wallpaper Engine Trading Card,error,,,,
provider-108,fyfcycyf,76561198294741044,753,6,17019345040,1,Boat,477160-Boat,Human Fall Flat Trading Card,error,,,,
provider-108,fyfcycyf,76561198294741044,753,6,7180482286,1,BEAR (Trading Card),576470-BEAR (Trading Card),ANIMALITY Trading Card,error,,,,
provider-108,fyfcycyf,76561198294741044,753,6,7180661109,1,BEAR (Trading Card),576470-BEAR (Trading Card),ANIMALITY Trading Card,error,,,,
provider-108,fyfcycyf,76561198294741044,753,6,7179678997,1,PIG (Trading Card),576470-PIG (Trading Card),ANIMALITY Trading Card,error,,,,
provider-108,fyfcycyf,76561198294741044,753,6,13635104296,1,Kulu-Ya-Ku,582010-Kulu-Ya-Ku,Monster Hunter: World Trading Card,error,,,,
provider-108,fyfcycyf,76561198294741044,753,6,2890080501,1,FBI,730-FBI,Counter-Strike 2 Trading Card,error,,,,
provider-108,fyfcycyf,76561198294741044,753,6,2976547546,1,SWAT,730-SWAT,Counter-Strike 2 Trading Card,error,,,,
provider-108,fyfcycyf,76561198294741044,753,6,22647098323,1,Day Off on Polus,945360-Day Off on Polus,Among Us Trading Card,error,,,,
provider-108,fyfcycyf,76561198294741044,753,6,22647098324,1,Ejected,945360-Ejected,Among Us Trading Card,error,,,,
provider-108,fyfcycyf,76561198294741044,753,6,22647098326,1,Hungry,945360-Hungry,Among Us Trading Card,error,,,,
provider-108,fyfcycyf,76561198294741044,753,6,22647082332,1,The Greatest Chase,945360-The Greatest Chase,Among Us Trading Card,error,,,,
provider-109,ziox007,76561198253159016,753,6,11685444947,1,Bangkorai,306130-Bangkorai,The Elder Scrolls Online Trading Card,error,,,,
provider-109,ziox007,76561198253159016,753,6,11685713024,1,Eastmarch,306130-Eastmarch,The Elder Scrolls Online Trading Card,error,,,,
provider-109,ziox007,76561198253159016,753,6,11685175755,1,Emeric,306130-Emeric,The Elder Scrolls Online Trading Card,error,,,,
provider-109,ziox007,76561198253159016,753,6,11689725146,1,Molag Bal,306130-Molag Bal,The Elder Scrolls Online Trading Card,error,,,,
provider-109,ziox007,76561198253159016,753,6,39314274754,1,Great Jagras,582010-Great Jagras,Monster Hunter: World Trading Card,error,,,,
provider-109,ziox007,76561198253159016,753,6,39367203629,1,Nergigante,582010-Nergigante,Monster Hunter: World Trading Card,error,,,,
provider-109,ziox007,76561198253159016,753,6,11890511943,1,Radobaan,582010-Radobaan,Monster Hunter: World Trading Card,error,,,,
provider-109,ziox007,76561198253159016,753,6,11884955542,1,Rathalos,582010-Rathalos,Monster Hunter: World Trading Card,error,,,,
provider-112,braydens2004,76561198155793524,753,6,18762524123,1,Anchor,1118200-Anchor,People Playground Trading Card,error,,,,
provider-112,braydens2004,76561198155793524,753,6,19462744947,1,Professional,1222670-Professional,The Sims™ 4 Trading Card,error,,,,
provider-112,braydens2004,76561198155793524,753,6,18885274010,1,Guts,233720-Guts,Surgeon Simulator Trading Card,error,,,,
provider-112,braydens2004,76561198155793524,753,6,18884505484,1,Meat Scarf,233720-Meat Scarf,Surgeon Simulator Trading Card,error,,,,
provider-112,braydens2004,76561198155793524,753,6,18884231068,1,Socking It To Ya,233720-Socking It To Ya,Surgeon Simulator Trading Card,error,,,,
provider-112,braydens2004,76561198155793524,753,6,18885530979,1,Socking It To Ya,233720-Socking It To Ya,Surgeon Simulator Trading Card,error,,,,
provider-112,braydens2004,76561198155793524,753,6,18882976053,1,Trisha?,233720-Trisha?,Surgeon Simulator Trading Card,error,,,,
provider-112,braydens2004,76561198155793524,753,6,18972833954,1,Cool Streak,263760-Cool Streak,Turbo Dismount Trading Card,error,,,,
provider-112,braydens2004,76561198155793524,753,6,18968207589,1,Pink Lightning,263760-Pink Lightning,Turbo Dismount Trading Card,error,,,,
provider-112,braydens2004,76561198155793524,753,6,18939361437,1,Smooth Cruiser,263760-Smooth Cruiser,Turbo Dismount Trading Card,error,,,,
provider-112,braydens2004,76561198155793524,753,6,18969149779,1,Smooth Cruiser,263760-Smooth Cruiser,Turbo Dismount Trading Card,error,,,,
provider-112,braydens2004,76561198155793524,753,6,18968386471,1,Token Bird,263760-Token Bird,Turbo Dismount Trading Card,error,,,,
provider-112,braydens2004,76561198155793524,753,6,15633140282,1,Civetta Bolide 350 GT (Trading Card),284160-Civetta Bolide 350 GT (Trading Card),BeamNG.drive Trading Card,error,,,,
provider-112,braydens2004,76561198155793524,753,6,15767730513,1,ETK 856t (Trading Card),284160-ETK 856t (Trading Card),BeamNG.drive Trading Card,error,,,,
provider-112,braydens2004,76561198155793524,753,6,15737846835,1,ETK Kc6t (Trading Card),284160-ETK Kc6t (Trading Card),BeamNG.drive Trading Card,error,,,,
provider-112,braydens2004,76561198155793524,753,6,15647153844,1,Gavril Barstow Kingsnake,284160-Gavril Barstow Kingsnake,BeamNG.drive Trading Card,error,,,,
provider-112,braydens2004,76561198155793524,753,6,15786777330,1,Gavril Barstow Kingsnake,284160-Gavril Barstow Kingsnake,BeamNG.drive Trading Card,error,,,,
provider-112,braydens2004,76561198155793524,753,6,15680056968,1,Gavril T75 (Foil),284160-Gavril T75 (Foil),BeamNG.drive Foil Trading Card,error,,,,
provider-112,braydens2004,76561198155793524,753,6,15662078681,1,Old Cannon,284160-Old Cannon,BeamNG.drive Trading Card,error,,,,
provider-112,braydens2004,76561198155793524,753,6,15650768384,1,Travel Trailer,284160-Travel Trailer,BeamNG.drive Trading Card,error,,,,
provider-112,braydens2004,76561198155793524,753,6,10505072552,1,Invasion,4000-Invasion,Garry's Mod Trading Card,error,,,,
provider-112,braydens2004,76561198155793524,753,6,10499573719,1,Movie Maker,4000-Movie Maker,Garry's Mod Trading Card,error,,,,
provider-112,braydens2004,76561198155793524,753,6,10505222949,1,Thrusters,4000-Thrusters,Garry's Mod Trading Card,error,,,,
provider-112,braydens2004,76561198155793524,753,6,10499781105,1,Trouble In Terrorist Town (Trading Card),4000-Trouble In Terrorist Town (Trading Card),Garry's Mod Trading Card,error,,,,
provider-112,braydens2004,76561198155793524,753,6,10504565270,1,Trouble In Terrorist Town (Trading Card),4000-Trouble In Terrorist Town (Trading Card),Garry's Mod Trading Card,error,,,,
